age,gender,country,daily_usage_hours,primary_platform,num_platforms_used,purpose,avg_session_minutes,night_usage,mental_health_score,addiction_level,screen_time_before_sleep
19,Male,Australia,2.658617259089736,Snapchat,4,Education,29.222442976309395,0,6.705829998710905,Medium,15.779443468753923
16,Female,USA,5.685386777637287,Twitter,3,Socializing,32.46472622337383,1,6.63311126321641,High,47.71486422270657
25,Female,India,2.7824200376895654,TikTok,2,Socializing,18.17020404442123,1,6.035396589384119,Medium,62.52462541000855
27,Male,India,3.486597750260481,YouTube,4,Education,22.493803869293348,1,8.11086142423603,Medium,31.935101511169627
23,Female,India,3.7488287467611223,TikTok,1,Entertainment,27.358409591039585,1,6.658597683546672,Medium,29.466045545703423
20,Other,Brazil,2.932247516535153,TikTok,1,Entertainment,37.43427433630503,1,7.138047674237245,Medium,55.17785252367733
25,Male,Germany,5.241584406479307,TikTok,1,Entertainment,31.179369339848016,1,6.515973661637336,High,71.66731968734149
17,Female,India,2.241011821136276,YouTube,1,News,21.715560716339304,0,9.314943946605544,Low,12.337113032649928
19,Female,Brazil,2.782066524448536,Twitter,2,Socializing,27.58031369784337,1,6.3014663666376265,Medium,43.3060351757288
22,Male,Canada,3.5906796927125604,Instagram,1,Education,5.0,0,6.6821496050500535,Medium,42.878576149085966
15,Female,USA,1.7372955329215256,Twitter,2,Entertainment,7.056339404684088,1,8.164422854875765,Low,30.65172856346353
19,Male,India,3.2991717675064507,YouTube,2,Education,5.0,1,7.908754583803622,Medium,8.577942283519263
23,Female,USA,6.207281178969131,Instagram,1,Socializing,11.246668971505532,1,5.63653519165884,High,53.82388680985402
23,Female,Australia,3.738387077978624,TikTok,1,News,24.209599128080523,1,6.306261011032153,Medium,43.97591485665658
20,Male,India,5.160911280415382,Instagram,5,Education,20.28738207744467,1,4.560262758606699,High,7.184319219785898
17,Male,UK,4.372430113098951,YouTube,1,Entertainment,28.61474182073844,0,7.235105367574313,Medium,0.0
16,Male,Australia,5.332597814771951,TikTok,1,Entertainment,13.045611931797067,1,6.107393293819018,High,49.829796830963545
20,Male,USA,3.732022754361392,Twitter,3,Socializing,20.435205719553515,1,6.312866658829522,Medium,0.187994607726857
20,Male,USA,3.900738473891271,Snapchat,2,Entertainment,14.397866845493796,1,8.591728859251985,Medium,15.467184396017783
15,Female,USA,4.887226431646692,Instagram,2,Education,31.862099283264904,1,6.478297083229008,Medium,21.90549623803545
18,Female,Australia,2.5006475019753527,YouTube,3,Entertainment,29.221928576339085,0,8.999890524829052,Medium,39.64021776945003
17,Male,UK,5.119454724293844,YouTube,1,Entertainment,14.770323811877166,1,6.189125630353626,High,49.5952366149381
14,Male,Canada,3.691514848233853,Snapchat,4,Entertainment,21.371039539983,0,6.255301701078734,Medium,24.05706109309609
20,Male,India,1.940667188769024,Instagram,5,Education,11.65798010718598,1,7.52089998336156,Low,53.68192562860893
24,Male,USA,2.6673992593752307,YouTube,5,Socializing,38.04565719538371,1,6.736906600098968,Medium,22.90870921537245
26,Male,Australia,5.595739245377886,Instagram,3,Entertainment,40.18771720556959,1,4.334976953244651,High,52.90928171221595
18,Male,Brazil,1.2030820689472943,Instagram,4,Entertainment,37.30035340119188,0,8.929309498385248,Low,46.67446786642101
14,Female,Germany,4.610501808679459,YouTube,5,Socializing,42.784439105836455,0,6.717749588493543,Medium,26.55514961485612
24,Female,India,5.857314346086333,TikTok,3,Entertainment,29.027593133215667,1,6.052501818552455,High,62.53922529375894
17,Male,Germany,3.3293099528251524,YouTube,5,Entertainment,23.84511972864699,1,7.442299015120046,Medium,42.941610049870704
13,Female,India,1.9295888064331617,Snapchat,4,Socializing,30.90001961343246,1,9.5865538785368,Low,32.19145303235868
24,Female,USA,3.9160868681700913,Instagram,4,Socializing,17.292648042372328,1,7.33031584483585,Medium,64.93647604454067
22,Male,USA,1.3294480809494278,YouTube,3,News,38.07783070686487,1,7.904058383325345,Low,58.328401832465374
18,Female,India,3.465842904475667,Twitter,2,Socializing,23.230402893558995,1,9.069632038281185,Medium,9.555485695769384
25,Female,India,6.420077734761524,YouTube,3,Education,18.51852239103112,1,4.206716517508848,High,19.69534556711632
24,Male,India,2.7492338405226744,Instagram,3,Entertainment,37.99023117991949,1,8.870852903669997,Medium,52.76439413217737
21,Other,Brazil,5.19247627066907,TikTok,2,Entertainment,14.623629592622702,1,6.6455950114993625,High,40.80216011844374
13,Female,India,0.8683533781350867,Instagram,5,News,21.31450050748038,1,8.968320804684689,Low,64.17618258560114
23,Other,UK,4.964258965257079,Instagram,5,Content Creation,21.71153346305024,1,7.752390901311592,Medium,45.153506583395504
23,Male,UK,5.652472794529286,TikTok,2,News,23.61447215899977,0,5.375295810302372,High,47.84561395282679
27,Male,USA,2.939578369674072,Snapchat,1,Socializing,32.16667036844217,0,6.279911727434088,Medium,12.291671728944763
22,Female,Brazil,1.31457556446008,Instagram,5,Socializing,26.66189450792378,1,9.904731652303468,Low,42.47999434306941
24,Female,UK,5.72252361858893,TikTok,4,News,31.69675451500313,1,6.0889394542979085,High,22.201447762022013
24,Female,Canada,3.8653724172446537,Instagram,3,Education,13.020466499362492,0,5.229807490820634,Medium,33.43848545441988
27,Male,UK,4.6720934075062575,YouTube,1,Entertainment,27.310174189842986,0,7.07534936984102,Medium,55.76120847003424
26,Female,India,2.6235973353018647,Instagram,3,News,16.004623704631793,1,8.30577031835818,Medium,46.7221678977119
26,Female,Germany,6.492653477827633,Instagram,5,Entertainment,19.862674029416844,1,5.423016385858593,High,18.30497703907469
27,Male,Germany,3.2939598766967304,Snapchat,3,Education,34.956154482290174,0,6.644726593887748,Medium,16.042444919238946
26,Female,India,3.6506756130544247,Instagram,2,Entertainment,25.15159979776369,1,8.238180621270123,Medium,49.49855255020188
15,Male,India,3.2010178802570293,YouTube,5,Education,24.152286105711216,0,7.374142096870168,Medium,0.0
24,Male,Germany,0.5,Twitter,5,Socializing,27.23028451562534,1,10.0,Low,30.19956407908149
19,Female,Brazil,4.672998145122975,TikTok,2,Socializing,23.981520768246806,1,6.328905745029045,Medium,18.60146803008952
16,Male,Canada,4.241777098305197,TikTok,4,Education,26.863932412493373,0,6.811187172838804,Medium,4.322689588222836
21,Male,Canada,4.078170614149072,TikTok,4,Socializing,34.53034807803883,0,7.579700660640065,Medium,57.33128230573233
15,Female,India,4.724910996395921,Instagram,2,Socializing,33.236686149550664,1,4.77677000433002,Medium,32.82629993336461
17,Female,India,6.01724224796971,TikTok,5,Entertainment,15.318596949929624,1,5.086233926122143,High,14.488658479085508
15,Male,USA,2.8456913246557667,Instagram,1,Entertainment,23.342191027014422,1,7.182624812277661,Medium,44.58656657424895
19,Male,Australia,5.160553058924855,Instagram,1,Socializing,23.981978007088056,1,5.598770354523527,High,46.99603456264266
17,Male,USA,4.176838666308612,Twitter,3,Education,39.26746503296118,0,6.407683805187808,Medium,51.39385508752836
21,Female,UK,3.7886617569792183,Twitter,3,Socializing,35.29466776591319,0,6.487423716854945,Medium,1.162627960935218
19,Male,Australia,3.109414554078944,Instagram,2,Socializing,24.92617628791151,0,8.799867265091475,Medium,33.30933847808223
14,Female,USA,3.490066110168632,TikTok,1,Education,18.035141171674987,1,7.913993681667172,Medium,55.48544568667773
16,Male,India,6.404592062792777,Snapchat,2,Entertainment,21.423605969292083,1,6.573127384546627,High,26.76735408824773
21,Other,India,4.32626184575617,TikTok,2,News,56.50542183054653,0,5.4447248954345575,Medium,26.08371524547337
24,Male,India,2.7676427272575754,YouTube,3,Socializing,25.132095399579267,1,7.63339529982904,Medium,54.017093090724416
26,Male,Brazil,5.533080943546407,YouTube,2,Education,20.057845860869016,0,6.218250785298959,High,9.387948453577728
14,Other,India,0.5,Snapchat,3,News,28.696661793148976,1,9.832281321535136,Low,23.612262769500248
22,Male,Germany,4.315482085109466,Snapchat,4,News,41.04990314562598,1,7.1757670271558975,Medium,43.03722741223648
21,Female,India,3.552486441250565,Instagram,5,Education,35.57763647271045,1,6.193216551211992,Medium,6.2467341438902295
22,Male,Canada,5.469331077113913,Instagram,3,Entertainment,31.024604824749296,1,4.763120261649249,High,41.51050587399719
17,Female,India,2.0158494391995507,Snapchat,2,Entertainment,21.21655028835921,0,8.288790501440632,Low,85.41779023724303
14,Male,India,4.917275499701317,YouTube,2,Entertainment,45.20645320912301,1,6.171164891505073,Medium,73.78869766259886
16,Male,India,4.846354021831025,YouTube,2,Socializing,22.75870784009937,0,7.318031598663071,Medium,30.66981446638389
24,Male,USA,2.276632384056442,YouTube,5,Entertainment,29.18150143794594,1,8.37753095095204,Low,31.093856120454525
27,Female,India,1.740347992653488,Instagram,3,Entertainment,18.11080602168971,0,8.933352513476311,Low,60.48282979450512
24,Female,Canada,5.164350300944333,Instagram,5,Entertainment,22.991869843180787,1,6.032299294432062,High,22.185075090007977
19,Other,USA,2.326597083050796,Instagram,2,Entertainment,20.795023184475205,1,8.29012108285791,Low,42.23392825909896
24,Female,USA,4.551236962968085,TikTok,3,Content Creation,15.603292447626686,1,4.907529066971856,Medium,7.990499789476225
25,Male,India,3.205975423382389,YouTube,3,Socializing,15.04490708195447,1,7.596900291475991,Medium,31.89076778891979
20,Female,UK,3.0747610805531744,Snapchat,4,Entertainment,16.41791426827939,0,7.965904458013339,Medium,44.69973309333263
27,Male,Brazil,1.534665800174702,TikTok,3,Education,5.0,1,7.841561148705653,Low,27.401699364248227
15,Male,India,5.577580598396278,YouTube,3,Entertainment,29.36688199379173,1,6.424822370735779,High,40.11794422491244
26,Male,USA,2.6106831482482846,TikTok,2,Entertainment,5.0,1,8.827306026953798,Medium,42.14922235629791
13,Female,UK,6.083947808397238,Instagram,3,News,21.250676872946816,1,6.103200479655905,High,4.390302483903014
16,Female,USA,4.008622053149213,Instagram,2,Socializing,28.61873149055072,1,6.139239684098126,Medium,38.472228785063365
14,Male,UK,3.618901378396225,Twitter,2,News,8.424865571812823,0,7.2623409063741455,Medium,45.01197911304682
20,Female,Canada,1.696113603277555,Snapchat,1,Entertainment,14.498308513033518,0,8.021143470519823,Low,49.18940703710104
16,Male,India,3.637444384160176,YouTube,1,Entertainment,36.08413783486479,0,7.569831374542566,Medium,44.81504492106796
14,Female,Australia,3.082702841036996,Twitter,4,Entertainment,20.998303935322603,0,9.044669205098613,Medium,20.47859908663572
26,Female,UK,3.513722355596246,Instagram,1,Socializing,39.29977077893792,0,5.585721738100935,Medium,23.61915685503377
18,Male,Brazil,5.988181730983989,YouTube,5,News,14.573132807830456,1,5.701536411897966,High,43.311627517807565
18,Female,USA,3.345343890618397,Twitter,2,Socializing,36.12308383035238,0,8.215346430171946,Medium,20.6352721579917
22,Male,Canada,2.4987338885137715,Snapchat,2,Entertainment,35.846453827522296,0,10.0,Low,36.598083690434734
16,Female,Germany,1.8611970971643852,Twitter,2,Education,19.92787047782999,1,8.725709383284807,Low,47.33604555829599
18,Male,India,2.765513898330519,YouTube,4,Socializing,22.369565939409803,1,6.265034479887274,Medium,43.09633854387278
25,Female,UK,3.498749875358153,Snapchat,2,Socializing,33.607861715927605,0,6.750562076493306,Medium,38.8458482080398
27,Male,Brazil,3.1497771630699694,Snapchat,2,Socializing,35.31067859848926,1,7.447725983591659,Medium,39.95843426750771
14,Male,USA,3.2648878385096305,YouTube,3,Socializing,30.18458408091505,0,8.191300899845835,Medium,63.15352760446924
22,Male,UK,1.7800257913574946,Twitter,2,Socializing,19.42763114105812,1,8.801023578135974,Low,22.70768776453325
24,Female,USA,6.809840234567179,YouTube,4,Socializing,40.29160415179101,0,3.8084221221274426,High,14.216844180624804
14,Male,Brazil,3.234469199308573,Instagram,1,Socializing,17.809429214178035,0,7.427718273635413,Medium,53.62529898086245
22,Female,India,3.8494988568685167,Instagram,4,Socializing,36.78167765614699,1,8.167323447980552,Medium,47.79947914727352
26,Other,USA,3.579246403448922,YouTube,2,Content Creation,27.87111757774183,1,4.957756415562438,Medium,45.00490562590069
16,Female,USA,0.9961642933558426,TikTok,2,Socializing,19.97724472820622,1,9.613755209674084,Low,45.35297620947368
26,Female,Australia,2.337692700611842,YouTube,1,Education,30.33428110940679,1,7.019956633003061,Low,42.22940782664824
27,Male,Germany,4.840204479954118,TikTok,2,Entertainment,16.501376403747695,1,7.674655948457698,Medium,54.52471616173151
27,Female,India,3.10483295012261,YouTube,3,Entertainment,19.296502036294825,0,6.173547788795291,Medium,64.27027187427102
20,Male,India,0.6811913344814293,YouTube,3,News,30.660784665532475,0,9.327446094248414,Low,56.09423347995377
26,Female,India,4.804835835864308,TikTok,5,Education,19.929332480359538,1,5.02811622628092,Medium,27.822425404738333
19,Male,Brazil,3.769068775560688,Twitter,2,Content Creation,19.648895905708763,1,6.691152021077255,Medium,58.41603409833103
24,Female,USA,1.2193200460271831,Instagram,4,Entertainment,42.18911244257136,1,7.789987365462606,Low,74.93635979273066
21,Male,India,5.442189590659727,Instagram,4,Content Creation,39.818221416442064,1,6.257881285746847,High,62.18143953256363
26,Male,USA,2.042694737229323,YouTube,5,Entertainment,25.322942383553052,1,8.385304004305683,Low,51.47824665208695
20,Female,Germany,3.943617641970976,YouTube,4,Socializing,19.48176551539974,1,6.824384666948064,Medium,78.89551424832078
17,Female,Germany,1.1520766378815277,YouTube,4,News,17.29591880367436,0,7.737960011596963,Low,31.864841857023627
25,Male,Germany,4.673236094752584,Snapchat,3,News,25.2752411972252,1,7.961433520159187,Medium,17.344914380789827
14,Male,UK,5.33277687282412,YouTube,5,Entertainment,39.072450258115154,1,4.940577377023307,High,22.71599909573025
27,Male,Germany,4.802578568981533,Instagram,2,Entertainment,25.5578283936484,1,7.535962475143448,Medium,76.9258671682116
17,Female,Germany,4.314792211627537,TikTok,2,Socializing,12.722029186035114,1,5.976745541060686,Medium,38.831873429711926
20,Female,Canada,4.029869070043487,Instagram,3,Entertainment,27.355424735546244,1,8.125031235606624,Medium,30.917536735083477
22,Female,India,6.068451416537435,TikTok,3,Entertainment,21.89295482849956,0,7.4292036024271475,High,58.7703077057546
21,Female,UK,2.549489269458044,Instagram,5,Content Creation,27.06123765570672,1,8.285198064430674,Medium,57.24042563654561
24,Female,USA,2.7824590782942544,Twitter,5,Entertainment,25.128295808087543,0,9.191036531401124,Medium,40.91792906563378
24,Female,UK,2.4295270273205087,TikTok,2,Entertainment,19.50163239142315,1,7.003912606140168,Low,74.6320093130364
24,Female,India,2.681786539383632,YouTube,5,Entertainment,50.6890476895838,1,7.957910240757723,Medium,107.38063405765972
25,Male,India,3.541448270161347,YouTube,5,News,35.62073576219377,1,6.80797937210297,Medium,63.33675556651339
21,Female,Brazil,1.9431805313520225,Instagram,2,Entertainment,5.0,1,8.618060345578124,Low,29.90078700849738
25,Male,UK,2.6955989836424026,Instagram,1,Socializing,21.22550702304761,1,6.964469476059992,Medium,13.274552452587416
27,Female,Australia,4.001336390176761,YouTube,4,Socializing,21.10483046185893,1,6.635844276301865,Medium,31.82257395652457
25,Female,UK,1.6329122015492357,Instagram,2,Entertainment,27.63769511455059,0,8.71711581128814,Low,20.028538074026848
13,Male,India,5.208383052062213,YouTube,3,Socializing,30.146262117692032,1,5.169806213898372,High,53.2209633012179
21,Male,UK,3.350090245770477,YouTube,2,Socializing,33.874245992943905,1,7.755130583218545,Medium,32.91946130208032
19,Male,Brazil,2.706358280938592,TikTok,1,Entertainment,19.585706291718243,1,6.243685705497994,Medium,13.75127733948124
21,Male,UK,3.270035972827774,Instagram,3,Entertainment,26.142837643395293,0,8.4135964535831,Medium,40.57771391457959
20,Male,India,3.798820597962032,Instagram,4,Entertainment,19.053477801619717,1,4.536752472206976,Medium,7.76284187202338
13,Male,India,2.584247456485853,TikTok,3,Entertainment,28.177935326344286,0,9.282450802965368,Medium,26.19004397465692
24,Male,USA,7.113298123821544,Twitter,5,Education,23.19895022311465,1,2.984530572143812,High,47.83679619681144
20,Male,Brazil,4.25405076048183,Snapchat,5,Entertainment,22.81557677648985,0,6.873715215428117,Medium,20.29793714203066
20,Male,Australia,2.8067360288099694,YouTube,2,Education,30.085109226977824,1,6.890803535215149,Medium,32.85136151878886
27,Male,India,3.4869691435825247,Snapchat,2,Entertainment,18.245347364500613,1,7.695067905443553,Medium,23.66914985448848
23,Male,Australia,0.5662732602001812,TikTok,2,Socializing,32.35952279020388,1,9.67145905612259,Low,43.60582539978024
15,Female,Brazil,2.272079233260982,Instagram,4,Entertainment,31.904312906867705,1,7.976839406028331,Low,28.64704210380779
13,Female,USA,4.683081452434664,Instagram,2,Entertainment,23.952708999231724,0,5.160415115126673,Medium,51.538388147531904
20,Male,India,3.314722005150461,Snapchat,2,Socializing,16.09231377227359,0,9.37707413985528,Medium,67.44422030463971
15,Male,UK,3.2157396908572045,YouTube,4,Entertainment,29.73377402564826,1,6.820563083019868,Medium,60.84953262817951
15,Male,USA,2.971980689411412,Instagram,4,Socializing,7.656841037839875,1,8.593660706541211,Medium,6.798814501701997
13,Female,Brazil,3.3811279966900467,Instagram,5,Education,21.559373255810275,0,9.259996558685003,Medium,28.431956849982477
23,Male,USA,6.530670502293605,TikTok,4,Entertainment,32.35610942949465,1,5.436313185316283,High,100.03315670974594
17,Female,USA,6.371314414101255,TikTok,2,Entertainment,41.22708501031047,1,5.372500815400421,High,58.59527320885765
22,Male,India,2.875251347199278,Instagram,1,News,26.07197652562851,0,9.239294781342467,Medium,19.109400773187826
19,Male,USA,4.699357254551074,Instagram,3,Socializing,30.39009748347583,1,6.074884621804994,Medium,20.2501157106142
22,Male,India,2.8219844032340244,Instagram,5,Entertainment,16.421220281069253,1,8.231822166021981,Medium,33.748713340609385
21,Female,India,5.656200958976704,Instagram,5,Education,37.51893376892363,1,4.547810896041174,High,54.715500562488494
24,Female,Brazil,5.548199561832842,TikTok,2,Entertainment,42.48617068509707,1,4.999110996639759,High,24.613569775416128
19,Male,Canada,1.4961956007406825,TikTok,1,Education,12.416160975803582,1,8.649448886863635,Low,34.043287826375014
21,Male,USA,4.732820717115898,TikTok,1,Entertainment,21.20716878387627,0,5.8287416636679215,Medium,39.44069201964477
20,Male,Brazil,2.751495141676809,YouTube,4,Entertainment,39.96766971162853,1,7.964057384222851,Medium,71.37895648071422
24,Male,India,3.956075949375752,Snapchat,5,Entertainment,19.877038603150808,1,5.869019136088054,Medium,26.060034852254557
14,Male,UK,1.153323820538807,TikTok,1,News,24.202624520544315,1,9.260323345696609,Low,58.53398084966149
13,Male,India,3.1354812539993677,Snapchat,1,Socializing,16.436154416745225,0,6.662155056176576,Medium,17.62692387248944
19,Female,USA,1.8184766596021351,Instagram,5,News,51.30292582697143,1,9.327690583233885,Low,45.911638337987455
19,Female,Canada,3.590268035466505,TikTok,2,Education,16.770103935133264,0,5.283062190141491,Medium,42.40818335878276
26,Female,USA,2.479510457872362,Instagram,5,Entertainment,15.746446659440458,0,7.313862635732006,Low,37.45181471604474
20,Female,Australia,4.215642054226263,Instagram,2,Socializing,12.686992356234722,1,5.015278200431007,Medium,4.577960183740622
17,Male,Canada,2.556707990380011,TikTok,3,News,25.86933250500782,0,7.863827134055549,Medium,34.13198796629784
15,Male,USA,0.5,Instagram,3,Education,45.31731194619356,0,10.0,Low,42.71211623208384
24,Female,India,4.848467436453272,Instagram,2,Socializing,10.124125907383004,0,5.144573724242003,Medium,7.27953973230268
20,Female,Brazil,2.156718737371909,Instagram,2,Education,16.693567311401917,1,8.511052584351466,Low,52.983280942067246
18,Female,India,2.95135733761174,Snapchat,2,News,20.243498464195252,0,6.924446870714563,Medium,39.53479168989795
23,Female,India,3.514499629777741,YouTube,5,Entertainment,20.35159999916956,0,7.531944674037956,Medium,52.53855858961116
15,Female,USA,3.2243321513830496,Snapchat,2,Socializing,25.16704656478933,0,8.741917057721661,Medium,55.707597566412815
13,Male,USA,3.821218614172918,TikTok,5,Socializing,16.387846219269914,1,6.355526964025038,Medium,33.631725900243886
15,Male,USA,4.078791110042159,Instagram,4,Education,22.67878659676162,0,6.515556648635138,Medium,48.04455630724178
17,Other,USA,3.878685835194213,Instagram,3,Entertainment,14.730121038509514,1,8.585640193155786,Medium,30.97251574829929
27,Female,UK,4.521048107149477,Instagram,5,Entertainment,24.58051372158114,0,7.273266654946869,Medium,27.437945850113188
26,Female,India,2.9357186642600235,YouTube,2,Entertainment,26.25537004438841,1,8.296473955722059,Medium,50.340532552317335
15,Female,India,4.590449935728434,TikTok,5,News,27.511480198914143,1,5.6182211498182255,Medium,45.20733636071429
13,Female,India,3.843918949331882,YouTube,2,Content Creation,20.48538667398533,0,7.904857352861488,Medium,82.615427758772
17,Male,Canada,3.636157661730964,Snapchat,3,Entertainment,44.09281138960786,1,7.070406631845368,Medium,37.33171452016272
22,Male,UK,3.9646886080006256,TikTok,3,Entertainment,22.267664809313487,1,8.106711736501685,Medium,68.31267996950095
19,Male,India,3.483433238994895,Instagram,3,Education,21.381060141616494,0,6.032180865027351,Medium,67.76397315289725
27,Male,USA,2.524087018680139,Snapchat,2,Entertainment,22.874163591901425,1,7.986199454111423,Medium,43.190317866425744
26,Male,Canada,4.015872655481147,TikTok,1,Education,48.42773775379799,0,6.065514458322094,Medium,10.272572608317056
19,Female,Germany,1.6305315176056956,TikTok,3,Content Creation,33.473246799115174,1,8.784607195692782,Low,48.64052685604584
23,Female,USA,1.7164549090730672,YouTube,2,Entertainment,15.45171465932545,1,10.0,Low,48.121492203140605
21,Male,India,3.4473803897964306,TikTok,2,Entertainment,29.94225671913645,0,7.8684950997472605,Medium,27.07710795682449
27,Female,Canada,3.2571440689278117,Instagram,5,Socializing,37.506756523205176,0,7.839962658360061,Medium,8.22584345272595
27,Male,India,4.102246196679412,YouTube,3,Content Creation,13.464758372234073,1,7.317661971180193,Medium,12.536664413817906
22,Female,India,4.119131851279912,TikTok,3,Entertainment,23.19735154357397,1,6.434087766668146,Medium,37.43646050857868
22,Other,Canada,3.371316975511114,Instagram,5,Socializing,10.075161946024828,0,9.37155415195878,Medium,21.21539474045664
24,Female,India,5.192943141035814,Snapchat,3,Entertainment,26.79945946875937,1,6.363458312055976,High,35.41298438429908
25,Female,Brazil,2.669175097465563,Twitter,5,Education,32.668399802044455,0,7.130230900038249,Medium,22.817963415199973
15,Female,Canada,2.879284117609142,Instagram,2,Entertainment,5.0,1,8.261391070820485,Medium,30.136277225481173
27,Male,India,2.6423269770625506,Snapchat,2,Entertainment,13.93506230401506,0,7.721216518312228,Medium,53.45687008697244
19,Female,Germany,2.467618100702888,Twitter,5,Education,39.4139396755278,1,8.745299292463638,Low,67.17837911905055
13,Male,India,4.74470276985471,TikTok,1,Socializing,38.775221796151385,1,5.419007379935535,Medium,50.854461441103176
16,Male,Brazil,0.7799261470812175,Twitter,4,Socializing,17.56792223412397,1,10.0,Low,64.12602664241638
25,Female,Brazil,0.8529318424340135,Instagram,4,News,31.872086469977027,1,9.41437127084272,Low,56.87753107312879
16,Male,India,3.587809398444985,Instagram,3,Socializing,7.708415174784836,0,7.645064513432295,Medium,29.22917517228321
26,Male,India,6.104110889847464,TikTok,4,Education,13.012912583023148,1,6.384736142047089,High,30.03052227050132
17,Male,UK,5.429084521199182,YouTube,3,Socializing,22.542556887399424,1,6.091202712007196,High,48.14402093602968
19,Male,India,3.219160176354274,Instagram,2,Entertainment,21.854020315698754,1,7.772649953472525,Medium,56.59691025435795
19,Female,India,4.585083886911134,Snapchat,2,Entertainment,22.700026660354048,0,5.288404075467798,Medium,60.92253725722118
25,Male,Brazil,3.9232218959784944,Instagram,1,Entertainment,36.429307543151566,1,6.551108969834748,Medium,40.17208755955573
27,Male,India,3.523198013268684,TikTok,1,Education,39.776121610449934,0,7.0150917232972025,Medium,22.82545821736324
23,Female,Brazil,5.516374080187026,YouTube,4,News,34.81111312631189,1,6.289225277769274,High,65.57529412253575
25,Male,India,4.428497544853887,YouTube,2,News,32.73364433785652,0,7.772180345604353,Medium,40.46341689140592
16,Male,UK,3.0476796116828133,TikTok,2,Entertainment,41.18662282354481,1,7.22054097424563,Medium,39.75625905794376
25,Other,UK,4.04041235146075,TikTok,2,Socializing,31.180255515705102,1,5.458755885081292,Medium,40.025264720586485
19,Male,Germany,3.892194235700376,Instagram,3,Socializing,39.739851920582026,0,6.614713571962574,Medium,0.0
23,Male,Germany,4.782184359691033,YouTube,1,Entertainment,15.102567309762032,0,5.448483111972953,Medium,41.45395856633785
15,Male,India,4.943211554853586,Snapchat,2,Entertainment,9.385672578261344,0,6.277082249081356,Medium,63.94339664226067
18,Male,UK,3.5377204077058813,TikTok,3,Entertainment,14.213924805791414,1,7.974208367422206,Medium,29.58139756770305
24,Male,Germany,3.3369608919452776,Twitter,2,Education,22.926342489058165,1,7.663883589401202,Medium,47.7591420129034
14,Male,UK,3.688394374515166,TikTok,5,Entertainment,25.059193222069897,0,6.013571386176312,Medium,10.73221994199402
22,Male,UK,0.8970922542356021,YouTube,1,Socializing,5.0,1,9.53314784737615,Low,46.83987148589205
25,Male,UK,0.9911912244060196,TikTok,5,Entertainment,15.638958203718229,1,9.756206989073169,Low,30.84034578291201
26,Female,India,3.870328812581874,YouTube,5,Entertainment,53.77411708234493,1,6.826430732784474,Medium,43.03289345315593
21,Male,India,3.7613177291599,Snapchat,2,Socializing,26.473137708096,1,6.379139806293868,Medium,35.71545729475692
17,Female,USA,4.632457382484271,TikTok,3,Entertainment,22.57147507326394,0,6.860935833403246,Medium,16.501746141079213
18,Male,Australia,2.4442358889920817,TikTok,5,Entertainment,26.12863682252595,0,7.994497394071975,Low,32.041194247971006
24,Male,India,6.14208229820011,Snapchat,1,Socializing,13.641589110852957,1,3.719144028998793,High,35.833417335222265
24,Female,India,2.8708225530819598,TikTok,1,Entertainment,13.12774285173305,1,6.703690653527517,Medium,63.32322084846999
24,Male,Brazil,2.0608260598748087,TikTok,3,Education,15.47179772817076,0,9.97755631952665,Low,54.86208850231563
24,Female,USA,0.5,YouTube,1,Entertainment,24.68299421021889,0,9.372098616532964,Low,57.92669194675871
16,Male,Brazil,2.505662795755728,YouTube,1,Entertainment,26.595461873023527,1,8.405899608585841,Medium,24.714431654948434
26,Male,UK,1.6035032216675644,YouTube,4,Entertainment,18.936287911268767,1,9.1130774445226,Low,44.73497105554223
26,Female,India,4.299867471293608,TikTok,5,Socializing,21.686647976041463,1,6.924077435776319,Medium,31.90233157575438
23,Male,Brazil,5.032667446792766,Instagram,5,Entertainment,34.6388211811769,1,7.451015986056467,High,63.159549583605454
22,Male,Brazil,4.939858822151956,Snapchat,2,Socializing,10.53774896154275,1,6.833462033481049,Medium,20.40971927829924
19,Female,Canada,3.0382894010274204,Twitter,1,Entertainment,19.759537548822685,0,5.654589167421876,Medium,41.21618790220974
24,Female,India,4.014112742501693,YouTube,3,Entertainment,35.96745359539196,0,7.743545514002031,Medium,49.22475673157597
21,Male,Brazil,3.669166110571304,Instagram,3,News,21.08149811479093,1,6.243621469475535,Medium,33.88040194898487
19,Female,Canada,4.781702335047176,TikTok,2,Entertainment,33.09119298287631,1,6.135078360195696,Medium,20.25411565549782
26,Male,UK,3.838593141894105,TikTok,5,Socializing,29.10561947844391,1,6.739118544027892,Medium,26.780432912353337
13,Male,USA,1.495471324192704,TikTok,3,Socializing,37.1823262487323,1,9.225233029728782,Low,54.82546578458836
13,Female,USA,3.569294294551629,YouTube,1,Entertainment,14.744893713449088,1,8.52542171852906,Medium,30.929212318075574
21,Male,UK,3.6895260392214015,TikTok,3,Socializing,30.663725350862958,1,7.2721848020907025,Medium,21.7824981416908
23,Female,Brazil,1.7003415835844171,TikTok,3,Entertainment,25.44063363002396,0,7.439846574435048,Low,37.32145759302194
26,Female,Canada,2.427871928161963,YouTube,1,News,20.210998405435223,1,6.958387608072346,Low,42.94567665684111
21,Female,India,2.4122583951021914,Twitter,1,Entertainment,19.203555816748395,1,7.620588008075977,Low,84.65502422183118
16,Female,Australia,2.926503261240497,Instagram,4,Entertainment,19.057192548807496,1,7.015342485294808,Medium,8.675785654151053
25,Male,India,4.493581547868609,TikTok,5,Content Creation,14.620894542044685,0,5.841751326299598,Medium,23.4550258027043
21,Female,Canada,4.351897755965891,YouTube,3,News,21.04260637216835,0,8.104355776792563,Medium,22.76946694854923
15,Male,Canada,3.7520549812732233,YouTube,4,Entertainment,15.95421842115874,0,8.621821845159165,Medium,27.573026442232432
19,Male,USA,2.652431401854032,Instagram,1,News,26.15662490373695,1,7.643017616058843,Medium,72.81267903772795
18,Male,India,4.3001059114435085,Snapchat,1,Entertainment,30.969776278062103,0,7.795082439009863,Medium,0.0
20,Female,USA,2.20955890442902,TikTok,3,Entertainment,40.13685432636751,1,6.526851206179412,Low,27.49092501286222
23,Male,Brazil,3.355251847837732,YouTube,1,Education,13.08335679849591,1,8.469053867626457,Medium,29.212798906500197
21,Male,USA,1.3491794749437291,Instagram,1,News,30.815162897011756,0,7.349460128580289,Low,15.968410162034218
26,Female,India,3.817260442378184,TikTok,4,Socializing,18.497839692601787,1,8.658566339577787,Medium,58.95895279863566
17,Male,India,1.7006416685442287,Twitter,5,Socializing,22.69115290289336,1,6.353229200953946,Low,36.32637884732208
13,Female,Australia,3.869481360380049,Twitter,4,Entertainment,31.66278303993219,1,6.7134064857516655,Medium,26.556011167067176
15,Male,India,2.778037196725069,TikTok,5,News,25.870096175542272,1,8.770528239242516,Medium,57.48522453517086
22,Other,Germany,3.992433771752161,TikTok,5,Socializing,31.323048733435783,1,5.2258399341534725,Medium,81.67951188528696
24,Male,USA,1.877904277518902,TikTok,5,Content Creation,28.17571894213921,0,8.631336124923823,Low,81.71501234787837
20,Male,India,2.4039633253178856,TikTok,3,Education,23.7014773038175,0,8.190389328175229,Low,46.92331400024028
27,Female,USA,2.0103219603255584,Snapchat,2,Socializing,26.26159518245443,0,7.577660346251285,Low,41.472803163495165
23,Male,UK,1.559865577687276,YouTube,2,Education,9.559003703537892,0,9.389955637915136,Low,30.99289569993328
18,Female,Australia,4.928977692963022,TikTok,3,Education,12.863418991913315,0,7.390584652310165,Medium,47.04196427801436
20,Male,India,4.080280660974661,Instagram,1,Socializing,37.256399625249486,1,6.142753408119502,Medium,60.10004673250194
21,Male,India,1.921404842419808,Instagram,3,Education,31.017032394981214,1,8.00950585909183,Low,104.8499244462003
16,Male,India,3.751685729721888,Instagram,2,Entertainment,34.53517009754428,0,6.314190270489327,Medium,30.69683457682325
13,Female,India,2.5290068324838413,Twitter,2,Entertainment,8.037808406652239,0,8.134174493084592,Medium,56.913818666928535
26,Female,India,2.498517810476089,TikTok,2,Entertainment,28.44631030646545,1,8.580201705553655,Low,49.55667321977853
13,Male,USA,2.9078861868110524,TikTok,1,Socializing,36.22128350370624,0,6.962250989374727,Medium,74.28991393703161
22,Male,India,3.819617454253924,Instagram,2,Entertainment,21.410051524465587,0,7.001499382406871,Medium,47.635947398922745
16,Male,India,5.0064193322967485,Twitter,3,Education,31.42646047215428,1,7.671279549424132,High,72.7223515168841
24,Female,Germany,2.93908334682212,TikTok,4,Education,17.800487561027666,0,8.786970950136368,Medium,30.78074428307413
26,Male,India,2.5101835681412346,TikTok,2,News,28.40413867678051,0,7.93435840545547,Medium,43.45703338305701
19,Female,Germany,2.5485595879200016,Snapchat,2,Entertainment,34.58199366401052,1,9.328012371908889,Medium,59.618811781690056
14,Female,Brazil,5.236233551308519,Instagram,3,Entertainment,26.75279833702272,0,6.422531628896541,High,55.84138125936136
15,Male,USA,3.4044109867299785,Snapchat,1,Entertainment,38.643722465803904,1,8.780707714304427,Medium,37.79641332178744
13,Female,USA,3.840458301564192,Twitter,4,Content Creation,25.8455494732036,0,7.484723494317815,Medium,49.48043604317134
17,Female,Canada,0.9877979559686928,Snapchat,5,Education,5.670267177224627,1,8.718936341613732,Low,65.24764688897866
13,Male,UK,3.43919390063734,Snapchat,2,Entertainment,28.61924966283579,1,7.675986735897863,Medium,76.40912382826437
20,Male,Australia,2.199009742966094,Snapchat,4,Education,11.060622388119864,1,7.460654729393839,Low,41.048771406771145
13,Female,Germany,3.486982325047993,YouTube,1,Entertainment,13.866505907002182,1,7.106724453971044,Medium,35.93972483949532
23,Other,India,1.4714042070790423,Instagram,4,Socializing,31.71098838413654,0,9.188364694092384,Low,46.07238247782393
13,Male,Germany,1.906586319299637,Instagram,3,News,27.51666270026173,0,8.121052475021356,Low,26.784426788637845
14,Male,USA,4.731587305640891,YouTube,2,News,35.42165556363551,1,6.3801179402881,Medium,61.25445538139439
14,Other,UK,4.868454491708606,YouTube,5,Education,24.516957178305024,1,7.29849837221393,Medium,50.75709126131402
24,Male,Canada,5.67947801496024,YouTube,1,Education,12.899771415156048,1,4.6736307522173215,High,22.547661444462086
18,Male,India,2.007474848757926,Snapchat,1,Content Creation,35.431882548851235,1,8.806400513057433,Low,56.97188207911763
19,Female,Germany,2.8582156588350296,Instagram,3,Entertainment,34.83817287228364,1,8.420052825015127,Medium,0.0
17,Male,USA,4.003974339911649,Instagram,2,Entertainment,27.684033094178705,1,8.68525488906906,Medium,60.6433723934865
13,Female,Canada,4.392082527308567,Instagram,1,Entertainment,21.349030302573727,0,5.771281686437116,Medium,82.31721717566116
13,Female,USA,3.0949664787702167,YouTube,4,Entertainment,22.446282436531504,1,8.873323077504237,Medium,13.27564130476576
15,Female,India,5.194538699484504,YouTube,5,Education,26.457096120232087,1,5.937279312799324,High,31.94284413862627
26,Female,India,1.6992329105651,Instagram,4,Entertainment,31.367498913152325,1,8.122735558837606,Low,25.388864155460507
14,Female,USA,2.696384596860933,Twitter,1,Socializing,7.464893048973458,0,6.881961426446591,Medium,11.478143023461392
17,Male,Germany,1.878220303547574,TikTok,5,Entertainment,27.579696700336708,1,8.458850192382934,Low,35.461912982032295
24,Female,Germany,4.672018966282431,Instagram,1,Socializing,26.473715169044397,1,7.906033332886341,Medium,44.92364210731017
22,Male,India,3.6118814842573914,YouTube,2,News,18.22961738110425,1,8.416352458547113,Medium,56.483987373168574
18,Male,Brazil,6.3344365510527245,YouTube,1,Education,26.999101557895884,0,4.091367812379849,High,39.72083172396016
19,Female,Canada,2.168510047454046,TikTok,2,Entertainment,41.67117446268193,0,7.014628546895303,Low,68.45659975434134
16,Male,Germany,2.004747287446891,YouTube,3,Entertainment,30.878720738657076,1,9.501723091990844,Low,37.28546605091464
19,Female,Brazil,0.6157716535725739,TikTok,4,Education,37.989928736504815,0,10.0,Low,84.6359943874001
23,Male,Canada,4.907806416398609,YouTube,2,Education,14.953053564426996,1,8.0089284117423,Medium,32.37499674992273
20,Male,Germany,3.1640747056624003,Instagram,5,Entertainment,5.0,0,9.360928045521918,Medium,28.62599594135043
23,Female,UK,4.94690785739788,TikTok,5,Socializing,21.423758685956237,1,6.10386191994483,Medium,20.828125973720404
13,Male,UK,3.916443137652738,TikTok,2,Entertainment,24.03926614450601,0,7.837876400215201,Medium,50.88488111597087
27,Male,Canada,0.6110623216779172,YouTube,5,Education,34.090115577291115,0,6.945362012417842,Low,63.535042079996416
18,Other,India,4.067413619963696,Instagram,2,Entertainment,40.36798798950959,0,7.0398391835188345,Medium,48.465940474634095
20,Male,India,4.0814317477478586,Instagram,2,Socializing,17.076172938859013,1,7.318907193168174,Medium,57.17168016901019
17,Male,India,2.604241011794916,YouTube,3,Entertainment,37.650344610149446,1,7.112588075843576,Medium,30.549201109770777
16,Female,Australia,2.418100210715516,YouTube,3,Entertainment,30.07515699042669,1,8.243251785379792,Low,46.90218017981732
14,Other,USA,5.993790917337561,Snapchat,4,Socializing,34.95874558034034,1,4.79828441736673,High,44.34721212268046
18,Female,Canada,2.06502123048677,YouTube,3,Entertainment,10.276421523140035,0,10.0,Low,54.70049971263158
18,Male,Germany,3.3946713722668105,YouTube,3,Socializing,38.521211108922365,0,6.9333601116308055,Medium,62.86226612852092
23,Female,USA,3.0710237697339995,TikTok,2,Entertainment,32.766516635879114,1,7.273307307718082,Medium,57.087005014556446
27,Female,USA,4.951837427329318,YouTube,1,Education,35.34815038825589,1,5.588363376016408,Medium,28.084458329197854
13,Female,India,3.605510112201914,Instagram,2,Education,14.297017179297155,1,7.640169865634613,Medium,22.886689414892828
21,Female,Canada,1.059434521729913,YouTube,3,Education,14.028387010321415,1,9.679741398620374,Low,64.37178833303454
24,Female,Germany,4.758466133420527,TikTok,4,Content Creation,16.85592001055831,0,4.167980124359927,Medium,62.285544437258174
23,Male,India,0.5,TikTok,3,News,33.24420750365472,1,9.57185414600075,Low,39.06309579627207
18,Female,India,2.8686891528528213,Snapchat,2,Entertainment,22.82833334026632,1,8.153548658072058,Medium,4.2045911261539
25,Male,India,4.558137722584474,TikTok,2,Socializing,20.23904799978964,0,7.439376954125248,Medium,62.44159121498981
15,Other,India,2.253066985348442,Instagram,3,Content Creation,15.952844627620864,1,8.7118424758738,Low,20.837013564937244
16,Male,Canada,3.1709746194704778,Instagram,1,Entertainment,33.19516446066304,1,8.036765605754718,Medium,99.86790411142464
24,Male,Brazil,3.68860357189712,YouTube,4,Education,28.37888240381149,1,8.44297942150204,Medium,54.67986614564222
23,Female,Canada,4.1736111325082685,TikTok,1,Education,25.78398898216443,1,8.4353279257314,Medium,31.139422339492267
16,Female,Germany,2.523137607173013,Instagram,3,Entertainment,25.42069157700548,1,7.772635162404344,Medium,14.440247460323818
15,Male,Germany,5.065257156733452,TikTok,1,Socializing,11.215640112065996,1,6.570500574139121,High,68.370255442887
22,Female,Australia,2.4962856711842774,YouTube,3,Socializing,28.2490492928714,0,8.433036051723132,Low,16.13078070373177
15,Male,Canada,1.228721481427928,TikTok,1,News,47.961250662185705,1,8.750721302491984,Low,62.796264893426425
27,Male,India,3.702691532420055,TikTok,3,Socializing,16.667020930299756,1,7.62515802930614,Medium,62.96029369141578
15,Male,USA,2.64965639561652,Instagram,3,News,22.690319806845668,1,8.240206207154607,Medium,31.588759166654956
16,Female,USA,7.611356266036124,YouTube,5,Education,17.159493059451016,1,2.5683409062864664,High,53.43873200520673
19,Male,UK,4.568837807924529,TikTok,1,Socializing,15.450827641729196,0,8.129522858824544,Medium,14.875548100994076
16,Female,USA,6.348982462409445,TikTok,4,Socializing,31.01897962608109,1,4.546236339062347,High,37.59377625891393
21,Female,Germany,3.956848226580552,Instagram,3,Entertainment,17.892435876052545,1,6.124603970281873,Medium,77.32571733086132
13,Female,UK,4.424582896995518,Snapchat,1,Education,28.46165414449748,0,6.683391811479705,Medium,32.25268215879751
20,Male,Canada,5.124273289108332,YouTube,2,Socializing,29.56271699223804,1,4.964039191575891,High,84.11535056950653
19,Male,Australia,2.403347314385572,Twitter,4,Content Creation,24.77623258172215,0,9.525177892247116,Low,55.42684697528557
14,Male,Brazil,4.823340266137462,Instagram,4,News,10.63755494958632,1,7.324021067389362,Medium,54.93299996831216
20,Male,USA,1.8824613144266864,Instagram,2,Content Creation,15.840855437553763,1,9.75614266984263,Low,63.11825310960274
13,Other,India,2.1176807429901467,YouTube,5,News,39.86698369785877,1,8.124332118347878,Low,63.795800785206055
23,Male,USA,5.918239999884239,Twitter,5,Socializing,18.189972690303563,0,6.20369303712726,High,88.64112612922801
24,Male,UK,1.440844742840888,TikTok,5,Education,29.07341850816941,1,8.881244272109981,Low,45.48119442062892
21,Male,UK,3.8541551735204895,YouTube,4,Socializing,30.58319333919462,1,7.127866296012673,Medium,26.640974321879472
21,Female,Australia,2.884296292414095,Instagram,5,Socializing,25.704213929674967,1,8.7595447270707,Medium,41.70509983423684
14,Female,USA,3.392894950706763,Instagram,1,Education,23.16811805901668,1,6.176028775657078,Medium,26.22259235855692
19,Female,India,0.5,Snapchat,5,Entertainment,36.84414071544106,1,7.897820179774449,Low,11.990686156035018
27,Male,UK,3.996325343411331,Instagram,4,Socializing,22.048404109360497,0,9.177354378250758,Medium,0.0
26,Female,India,4.078897449900939,TikTok,3,Entertainment,45.36357227943618,0,6.031253163169775,Medium,25.19894152477612
22,Male,India,3.562352800224695,Snapchat,1,Entertainment,17.182768096964985,0,7.639496743567625,Medium,58.61545187281938
15,Male,UK,3.2502214970322862,TikTok,4,Entertainment,19.064508687265203,1,8.055017876808193,Medium,37.39587982810721
19,Male,UK,3.747048069547047,Snapchat,3,Entertainment,21.15824155770041,0,8.427092097523905,Medium,55.325135188390405
24,Female,USA,4.649229413328408,TikTok,3,Education,11.344762534794482,1,7.322791033429484,Medium,23.86756417277023
22,Male,India,2.020141758018264,YouTube,3,Entertainment,9.21159973333976,1,7.71014653410746,Low,11.977942348703069
21,Male,Germany,4.617660302596256,YouTube,5,Entertainment,19.426159673419445,0,7.537415827361289,Medium,11.03366283207734
16,Male,UK,4.924056259706262,Instagram,1,Socializing,26.503050214484347,0,6.335198746370933,Medium,30.349778506025547
24,Female,USA,3.8866522771577774,YouTube,2,Entertainment,5.0,1,5.603933792477525,Medium,39.15238707122426
13,Male,UK,5.372570200188276,Instagram,3,Socializing,18.691149663596057,1,7.541532268430217,High,60.76420739715592
14,Female,India,4.158934036838508,YouTube,1,Entertainment,14.429441528258035,0,6.960504892470603,Medium,44.730352265597375
13,Male,India,4.055141064769163,YouTube,3,Entertainment,19.529216687436005,1,4.623454526281096,Medium,71.03474209929277
26,Male,USA,0.5,Twitter,2,Entertainment,8.935250229294354,1,9.561967358908554,Low,53.331046981370974
24,Male,Brazil,3.588830293638137,TikTok,5,Socializing,13.517242785513844,1,6.883887844521636,Medium,84.46657933069508
17,Male,Canada,5.18028218842216,TikTok,4,Entertainment,34.94176315701013,0,5.320249583133932,High,26.540885057704724
17,Female,Australia,1.562277895040737,TikTok,5,Content Creation,20.24946689962947,0,8.685542618198786,Low,34.601230076355314
23,Male,India,2.460362426967716,TikTok,2,Entertainment,27.11045953289968,1,7.446020764060555,Low,19.24020305742411
19,Female,India,2.3207400660303934,YouTube,5,Socializing,23.14517535610703,0,8.587316144760113,Low,15.90757793919662
21,Male,UK,5.213451831376187,Instagram,2,Education,52.79602392631006,1,7.269503513461996,High,45.11354580867928
21,Female,USA,4.682129500361009,YouTube,3,Entertainment,16.429695280986557,1,7.692896956674041,Medium,114.30210303920096
15,Male,UK,3.820267365501354,TikTok,4,Socializing,21.324289071649236,0,6.082745719794284,Medium,67.8962902208391
15,Female,Canada,3.953850286784164,Instagram,3,Education,16.106954335760875,0,8.000581087605136,Medium,58.09353456234317
15,Female,USA,1.7578294707418929,TikTok,3,Content Creation,17.936325601019533,1,8.313210012027556,Low,54.48055046954163
16,Female,Brazil,6.498859149790798,Instagram,1,Content Creation,9.77318801395991,1,5.741188891836523,High,87.650719096432
20,Male,Australia,5.166113118898413,TikTok,4,News,22.796283019586703,0,4.323958269297179,High,64.16176705192687
18,Other,Canada,5.312051178435288,Twitter,2,Entertainment,7.785495168029236,0,6.07314489959776,High,25.176121918621824
20,Male,Germany,2.586792038547757,TikTok,4,Socializing,33.63346384547289,0,6.187428102055916,Medium,37.52649810691153
13,Female,India,1.8749907900303628,TikTok,1,Socializing,17.972543509370972,0,9.732102957487015,Low,37.17521066474092
20,Female,Australia,4.3034612829010905,YouTube,3,Entertainment,28.467187211502942,0,6.705535491947942,Medium,40.4766682027232
16,Male,USA,5.7435485179862855,Instagram,2,Socializing,16.30125308912177,0,5.4969434736311085,High,61.24993189183834
23,Other,UK,4.27302069334046,Instagram,2,Entertainment,17.291325400418096,0,5.936438052205483,Medium,58.03747892625719
13,Male,India,1.789377442334961,Instagram,2,News,23.963263322460534,1,8.199882499342564,Low,49.57745228585944
20,Male,UK,3.052402336304484,Snapchat,3,Entertainment,5.0,1,7.608138408252601,Medium,78.87835471696765
16,Male,India,3.099634933857585,TikTok,1,Socializing,28.08152645093267,1,6.1448742001406,Medium,56.09949726886703
18,Female,UK,3.615420264205812,YouTube,3,Socializing,44.08558418794952,1,5.867286769329703,Medium,50.82610217479419
20,Male,USA,4.673945784829682,Instagram,5,Entertainment,21.18898892821153,1,5.505339305482543,Medium,36.47017309488133
16,Female,India,2.102152747233046,YouTube,2,Entertainment,26.534310367919087,0,8.217643983262263,Low,79.94149850930697
26,Male,India,3.505211713856057,Instagram,4,Entertainment,15.178737108397218,1,6.784103956114414,Medium,41.93971410955179
15,Male,UK,3.2748975284825983,Instagram,3,Education,13.361720779223216,1,7.929955717032416,Medium,26.652008337427404
26,Female,Canada,4.789656688869817,TikTok,4,Socializing,11.745784631469943,0,7.350741012134868,Medium,35.965806168020464
21,Female,India,2.917885085993053,Snapchat,4,Content Creation,37.95990225723418,0,9.225502713837022,Medium,27.63563318234597
15,Male,India,2.300552000693165,Snapchat,1,Entertainment,11.29486532548892,0,8.407610318354784,Low,83.3157660750106
21,Female,Brazil,4.209844147575224,YouTube,1,Socializing,25.57667830324225,0,5.556243408324194,Medium,42.53444013606362
25,Male,USA,4.172700300254012,Instagram,4,Entertainment,18.280109633591444,0,7.385557428671442,Medium,26.63489652572413
14,Female,Brazil,1.7169800590019844,Snapchat,3,Entertainment,29.695847972860165,0,9.757696073969358,Low,44.39990523262437
26,Female,India,2.795456665808328,TikTok,1,Education,25.34737661813141,0,7.682727919522016,Medium,61.42559442179092
14,Male,UK,5.373375729449638,Instagram,2,Socializing,30.191351228865365,1,5.482506193115706,High,35.17162055409878
14,Female,Germany,6.874078989335994,Snapchat,3,Socializing,19.175061173039023,0,3.0707877922378946,High,60.74609325484691
18,Other,USA,3.8048580496027866,Instagram,1,Socializing,29.89798087645257,1,5.474974787565989,Medium,29.62537293332324
15,Female,India,4.340030447856161,TikTok,4,Socializing,19.84193214540761,0,5.78807684148143,Medium,48.29366123203775
25,Female,India,2.5927141257106987,Instagram,5,Entertainment,39.12464009593442,1,7.55839555942569,Medium,46.70863142169068
21,Male,Canada,4.196461209444616,Instagram,2,Education,52.46709474983618,1,6.6001520966910014,Medium,20.93602780502901
16,Female,Brazil,3.679633848111666,YouTube,3,Entertainment,31.97759897208487,0,6.054500709808386,Medium,55.28304263498792
13,Male,India,4.096244151319057,Instagram,1,Entertainment,20.0424288064359,0,6.176066864208448,Medium,0.0
16,Male,India,3.1147404311590776,Snapchat,4,Content Creation,11.334764563351774,1,7.3205248175858015,Medium,38.33423361805416
13,Male,Brazil,2.584903509203188,TikTok,4,Education,24.833430742669183,1,9.616636058428009,Medium,29.141452582353292
26,Female,Canada,5.867964161510871,Instagram,2,Education,16.913830913124173,0,4.749897541878152,High,49.12082213361019
17,Female,India,0.6688931904641762,Instagram,3,News,28.540724843749928,0,9.380307753070923,Low,57.09576113319328
16,Male,India,4.789203635454955,Twitter,3,Socializing,32.015107411612625,1,6.596445480105702,Medium,75.47812375299671
20,Male,Germany,3.857481604866129,YouTube,4,Entertainment,33.16119858050797,0,6.984063174823264,Medium,30.13765421026477
20,Female,India,4.609894487521834,Instagram,2,Content Creation,28.855507060594693,0,6.137594021712244,Medium,40.18641988742039
19,Male,India,2.779347798833547,YouTube,3,Education,19.470955508151405,1,8.25981700951809,Medium,29.372043758514263
15,Male,India,2.85826332097882,TikTok,2,Entertainment,5.0,1,8.094025344917284,Medium,48.94717418792303
13,Female,USA,0.94670712344372,TikTok,1,Entertainment,26.5182489678576,0,8.935464684885178,Low,46.98034692218162
13,Female,India,3.5714130157691875,TikTok,3,Content Creation,14.397271901575031,1,7.204296194599473,Medium,34.99253628014353
24,Male,India,6.55746446491589,Instagram,2,Socializing,22.86244548308149,1,6.621847463223721,High,35.71712575398816
23,Male,India,4.527145304742117,YouTube,1,Entertainment,33.19247182707024,0,7.281325033522629,Medium,55.9957584487327
15,Male,Germany,3.42296374722763,TikTok,1,Socializing,5.0,1,7.911757609828795,Medium,36.88334983673127
18,Other,USA,6.107394706554548,Twitter,3,Education,5.681626476685803,1,4.042606392685624,High,54.29361090739518
19,Female,UK,4.2228009491189695,Instagram,5,Entertainment,8.95566188748382,1,7.279780891849029,Medium,26.588125924219568
18,Male,India,3.2912275404877818,Instagram,4,Education,40.97451928700411,1,6.765247982466015,Medium,38.48253451901128
26,Other,India,2.6811495937887737,TikTok,4,Education,5.0,0,6.23524298376956,Medium,44.18846091334007
26,Male,USA,4.0655076020518015,TikTok,4,News,31.52157581777087,0,6.062256719325177,Medium,25.081004990806207
18,Female,USA,5.732484423849225,TikTok,1,Entertainment,43.24466900328987,1,4.027337276011792,High,55.69592207976524
18,Male,USA,0.7653523369241109,Instagram,5,Socializing,26.276228664777317,0,9.06354968332798,Low,21.095006479698228
25,Female,India,5.400698138728246,YouTube,1,Education,18.80609264479613,1,6.837324230833086,High,64.2078013267246
15,Female,USA,3.281061254152382,TikTok,4,Socializing,6.555867979299965,1,7.688495970808329,Medium,53.98935117009579
18,Male,UK,3.596363053126845,TikTok,3,Entertainment,16.037921504103934,1,7.766231497054227,Medium,56.42195804361941
20,Female,UK,2.125990406711507,Snapchat,5,Socializing,23.15910178038133,0,7.740175977348583,Low,57.08168236141921
23,Male,Brazil,4.104311503434641,TikTok,4,Socializing,30.73899963892366,1,7.136649345283281,Medium,43.55048741584661
23,Male,Brazil,2.928246084835015,Instagram,5,Content Creation,29.665003993858782,0,6.854591830462372,Medium,33.51491591726012
14,Female,Brazil,3.010638557461822,TikTok,4,Entertainment,15.873263777749877,1,5.919436558747877,Medium,0.0
17,Male,India,3.1969306747783595,Instagram,3,Entertainment,23.696370185645826,0,7.136326431712937,Medium,43.50774176251591
26,Male,Brazil,4.5180577886403945,YouTube,3,Entertainment,21.74226651489066,1,4.232087618735095,Medium,18.348159026791265
13,Female,Canada,3.642830968475595,TikTok,5,Socializing,16.713579041876564,0,6.154192057212957,Medium,47.08161954517702
24,Male,India,4.793843117109759,YouTube,4,Socializing,34.106343957782784,1,5.546292029870296,Medium,34.597751678139105
27,Female,India,3.035068783448915,Instagram,2,Entertainment,46.14541735402067,1,7.475270400339149,Medium,17.322576922166565
13,Male,India,2.042038222600342,TikTok,5,Socializing,30.672871957906587,1,9.20924291655078,Low,42.28475259273219
17,Male,Australia,4.497276803507536,Instagram,5,Socializing,27.702313065499872,0,3.885725977685376,Medium,25.57225827866764
24,Male,Germany,2.3456660474924877,YouTube,3,Entertainment,38.781713911199006,0,7.430082866659191,Low,41.23494301559608
25,Male,UK,4.446331084446359,YouTube,4,Socializing,37.75776364252009,0,5.741172721978859,Medium,42.23937235502959
15,Male,Germany,6.803672217034657,Instagram,1,Entertainment,23.140983950067664,1,2.822650329057504,High,58.12218264004132
16,Female,USA,2.3190931158844217,Twitter,2,Entertainment,37.37804259374218,1,8.46113660014569,Low,52.19070508895523
15,Female,India,2.6032999399179784,Snapchat,2,Entertainment,30.847828654434387,1,8.27198885535222,Medium,61.47178004170819
13,Male,Canada,4.989563926269734,Instagram,4,Entertainment,12.592212446417305,0,6.05686145352723,Medium,35.734298034722386
13,Male,Canada,5.449543256139754,Instagram,1,Socializing,41.14630956937834,1,5.783115210620732,High,54.46901497621951
24,Male,USA,2.4926064173019533,Snapchat,5,Education,33.3629626976923,0,7.410740476258414,Low,25.20604000046043
24,Male,USA,0.8473043309576731,Instagram,4,News,45.10299777853909,1,9.030186120808036,Low,37.38770803796904
26,Female,Canada,3.266635291526459,Instagram,4,Entertainment,19.349335522107104,1,7.660155778972155,Medium,41.22325507661495
25,Female,UK,3.598170590292224,YouTube,1,Socializing,17.729533573564016,1,6.288018716858122,Medium,63.23106312141144
26,Male,USA,3.477542317002533,TikTok,2,Education,12.13472623121266,0,6.20917081512121,Medium,27.815185462023077
17,Male,Brazil,4.32624236146246,YouTube,4,Education,26.67989859834813,0,7.2647624293057,Medium,32.068399950096925
18,Male,Brazil,2.41420558160357,YouTube,4,Socializing,28.86839372357674,1,7.121369333977755,Low,78.63870731284432
15,Female,Germany,2.87684289456704,YouTube,4,Education,20.189078258910985,1,7.543562797324614,Medium,23.799547244861984
24,Male,Brazil,4.331357016411331,YouTube,5,Socializing,20.209027302416477,1,4.578912026440234,Medium,73.89032447726129
21,Male,India,2.3020987166471416,YouTube,1,Education,9.70841645831664,1,8.78216958475586,Low,49.42115659162008
17,Male,Canada,2.689542252598927,Instagram,5,Socializing,28.445149866805178,1,7.016339949727779,Medium,13.514528828371152
20,Male,Australia,7.061732191829142,Snapchat,2,Entertainment,31.87860477958509,0,2.065887044036156,High,70.93221524215127
25,Male,India,1.9758926011439848,YouTube,3,Entertainment,5.0,1,8.60442280063242,Low,52.75625667749192
13,Female,Brazil,5.061958655186027,Instagram,2,News,19.114781487281736,1,9.428152995484458,High,21.21547821279396
26,Female,Canada,3.960653340548248,Instagram,4,Education,13.10665864027056,0,8.002529201505249,Medium,42.13433657448988
17,Female,Germany,4.334026798731054,Instagram,4,Entertainment,33.42333929042066,1,5.372124276345343,Medium,53.712700675746575
27,Male,Brazil,1.947229944589004,TikTok,5,Education,23.20216499471208,1,7.251790377658284,Low,41.551162928348575
15,Male,Canada,4.378714643601647,Twitter,3,News,16.263923042114826,1,6.322782536835765,Medium,89.59011043632759
24,Male,Germany,1.4599678159344824,TikTok,2,Entertainment,35.332066187568905,0,9.338508815660091,Low,68.81388107469247
13,Male,UK,3.014793243732721,Instagram,4,Entertainment,26.314862065655213,0,7.731293625196755,Medium,75.94855249457895
16,Male,USA,2.278740899490536,Snapchat,2,News,43.1702765079684,0,7.828642974378883,Low,51.03960306348872
27,Male,India,5.794118639318683,TikTok,3,Socializing,20.992655589227773,1,4.098625496792263,High,53.25357792348112
25,Female,Brazil,4.432193355183917,Instagram,2,Socializing,6.875159550832613,1,7.42535557596955,Medium,52.1910557665005
17,Female,India,3.2211241600773626,Instagram,4,Entertainment,43.746540566341096,1,6.724550557324573,Medium,49.54262321159035
19,Male,Brazil,2.404379032646202,Instagram,3,Socializing,22.71229213811795,0,7.710142607579251,Low,12.196367472125443
13,Male,India,3.612136021287133,YouTube,2,Entertainment,24.50363338123952,1,8.908175102389905,Medium,54.09929350486952
15,Male,Germany,2.049374427237094,YouTube,2,Education,5.0,0,7.455389388800852,Low,56.270474537702185
14,Female,India,4.918942769624152,Twitter,4,News,7.662575143800847,1,4.942919303028702,Medium,49.94466091750494
21,Female,USA,1.9991861980121388,TikTok,2,Entertainment,26.68023658417796,1,8.081594986834617,Low,56.00238750993472
22,Male,India,7.850344696561086,YouTube,5,Socializing,23.727748925159727,1,3.235380787961862,High,37.53241731633029
27,Male,India,2.528146817819871,TikTok,5,Socializing,40.94992768703891,1,7.600129927483741,Medium,36.91626704757872
18,Female,UK,2.935676345934078,Instagram,3,Entertainment,20.425208110640927,0,7.9850827980147345,Medium,0.0
22,Female,India,6.162027635630057,Snapchat,1,Entertainment,24.12904298674403,1,5.283042113382192,High,28.801709851354996
15,Female,Australia,4.790665019413325,Instagram,2,News,20.35919240057014,1,6.584359444108786,Medium,78.20705169217624
20,Female,Canada,4.083621527352729,YouTube,5,News,28.62463739327532,0,6.328224881115006,Medium,52.422321288863685
26,Female,UK,4.606217560870067,Instagram,5,Entertainment,31.429904964849527,1,6.266825969696095,Medium,31.354080821655
20,Male,India,3.0421387922981045,YouTube,5,Education,25.234082592586592,0,7.621814064409822,Medium,22.03238008608172
14,Male,India,4.118249069746875,Instagram,1,Education,37.81825255679509,1,8.221912068149381,Medium,16.44759722257778
27,Male,Brazil,1.9012768724890756,Twitter,1,Socializing,17.29376810078988,0,7.131068472503318,Low,19.067595903439862
18,Female,India,2.194637026048351,Instagram,5,Entertainment,25.1386433796303,0,8.206552409595188,Low,54.525472532177375
19,Male,India,1.140979721481278,Instagram,3,Socializing,5.0,1,9.496204467590829,Low,29.742331824805785
14,Female,Germany,4.25214098329668,Instagram,4,Content Creation,30.82398489272308,0,7.785516954061149,Medium,18.958417844232063
27,Female,USA,3.3852380039502403,Twitter,4,Socializing,18.176734569292734,0,6.0142921872265696,Medium,11.746678371755497
23,Female,Canada,2.9775077973908908,Instagram,4,Entertainment,38.90302713610057,0,7.86159653972112,Medium,41.861978167056606
22,Male,India,3.761213053607691,Instagram,2,Entertainment,34.88045120553139,0,7.664829879680676,Medium,56.70529811669408
14,Male,UK,5.053662860632657,Twitter,4,Education,33.96922377096318,0,7.149305207479723,High,52.657599067521765
22,Male,UK,4.131015570056701,Instagram,2,Socializing,42.1615485334388,1,5.951512451267802,Medium,32.477326222674115
13,Male,Brazil,3.361597441963046,YouTube,1,Entertainment,25.135585649626456,0,8.285248571467013,Medium,53.703960539706365
20,Female,USA,4.321564010720285,YouTube,4,Entertainment,28.94283383638595,1,7.066652408184959,Medium,51.18339099193936
13,Male,Germany,1.906503108321228,YouTube,4,Socializing,26.180074083598576,1,7.935986541230887,Low,92.81757207256932
21,Female,USA,1.387789820690938,Instagram,5,Socializing,15.244519733767154,1,7.616172493587268,Low,42.89451276574148
23,Female,Germany,3.679177423050021,TikTok,5,News,47.37673557756648,0,5.817410337929456,Medium,68.16715192384792
18,Female,USA,4.059433531358371,YouTube,3,Entertainment,24.088420757357504,1,5.748594109937185,Medium,39.56667839205869
19,Male,Brazil,1.5969040013836928,Twitter,3,News,30.04022336250609,0,7.797508798360115,Low,3.4869109911902143
25,Male,India,3.86885148434683,YouTube,4,Entertainment,9.991336668973478,1,7.455779891055325,Medium,49.07041681321177
22,Male,India,5.056017714018102,TikTok,1,Education,23.74692849220776,1,6.05332390341659,High,0.0
19,Female,Germany,5.615392108467307,TikTok,1,Entertainment,32.26977389933201,0,5.769611690460208,High,57.12414064483183
22,Female,India,3.695238014652596,Twitter,1,Socializing,38.14630767969139,1,7.181653625504044,Medium,14.727191391455872
15,Female,UK,4.701554744385871,Twitter,1,Socializing,27.76039295318576,1,6.723859457393315,Medium,36.18381242085516
14,Male,India,2.139354300798312,YouTube,4,Socializing,26.33157706683817,1,9.071589898951464,Low,22.53754268060352
21,Female,USA,3.98303286478968,Instagram,1,Education,18.330144512684203,0,7.539571568882772,Medium,2.64418667397932
20,Other,India,3.427465207009993,TikTok,2,Socializing,25.70810639640227,0,8.759539521070783,Medium,47.74812243626164
25,Male,India,4.540762946413016,YouTube,2,Education,12.570232543926233,1,7.406981932227625,Medium,56.72382168667447
24,Female,USA,2.247958294091763,TikTok,3,News,22.60746298549419,0,7.854691233497773,Low,63.04954000574286
22,Male,India,5.456802379569673,TikTok,2,Socializing,10.197261983514784,1,7.379125466484609,High,9.261750765660471
19,Male,India,2.230396219914573,Twitter,2,Socializing,12.52226002544916,1,7.600171372793933,Low,32.47570461721678
21,Female,USA,2.924868481205962,Instagram,4,Entertainment,28.13540940825487,0,7.74267347273303,Medium,26.916271983611285
16,Male,India,5.911855976977496,TikTok,2,Education,42.82248355655479,1,5.11701579799748,High,22.709584814865583
25,Male,India,2.7543841419397586,YouTube,2,Education,29.944039293224257,1,7.752100156223634,Medium,39.16586617721772
16,Male,India,5.335520720315345,YouTube,1,Entertainment,22.922451463108064,0,6.897805233647022,High,65.47428295121755
13,Female,India,1.920593744369685,Instagram,2,Entertainment,27.768358680023237,1,7.954296247322976,Low,63.172381878798646
20,Male,India,3.609461894787095,TikTok,5,Socializing,32.89435567685731,0,9.519925463447878,Medium,42.87154096054656
26,Female,India,3.726424803872497,TikTok,4,Socializing,5.0,1,6.175513918335315,Medium,9.749206926519246
26,Male,Brazil,5.456943216452063,YouTube,3,Education,11.487517611379769,1,5.954017361368768,High,22.00499272547433
24,Female,USA,4.089671644340148,Instagram,4,Entertainment,22.84548852521988,1,6.753687999878168,Medium,61.69487688338934
15,Male,Germany,2.48470052891868,YouTube,4,Socializing,22.37629190360317,1,8.282632199926612,Low,50.86178014654968
19,Female,USA,4.106310042081421,Instagram,1,Socializing,34.71404101530851,1,5.5293745244620816,Medium,43.626207146721576
27,Male,India,2.768816973892697,TikTok,1,Entertainment,9.887009311208883,1,8.786276704825966,Medium,2.648482572202539
24,Female,UK,3.648494687876352,YouTube,4,News,33.161746887796,1,5.207392727644367,Medium,13.756925833239922
14,Male,Brazil,4.36684336415348,YouTube,1,Socializing,25.833402923121326,1,8.017536899171791,Medium,22.47379417801506
14,Male,India,2.580258536758097,YouTube,2,Education,12.055617315709853,0,9.582429281990873,Medium,26.488129055856504
19,Male,USA,4.401379073632742,Snapchat,5,Content Creation,20.12906997956887,0,4.766107823839032,Medium,33.04955818246551
27,Male,USA,3.758159066965324,YouTube,1,Content Creation,24.193736530482468,1,6.649120358728657,Medium,48.619229224261936
18,Male,India,3.210407344227449,TikTok,1,Entertainment,16.89693788198381,1,6.9732484870301805,Medium,52.741436592054406
15,Female,USA,2.453570697470207,Twitter,4,Entertainment,20.53578904906505,0,7.039287153748344,Low,54.446615921571016
21,Female,Canada,1.5862506884696237,Instagram,2,Entertainment,17.525622757023676,1,8.116976721171845,Low,16.668107743601738
22,Male,USA,3.117475415953974,Instagram,5,News,34.80337506097932,0,8.53987495951296,Medium,39.51432455272548
27,Female,Canada,1.9450391525785249,TikTok,5,Socializing,34.55728099158371,1,7.770711564965897,Low,50.95263974858215
26,Female,Brazil,0.6082551952540118,TikTok,1,Entertainment,31.321290459406317,0,8.579535111958208,Low,0.1368466024349643
25,Female,UK,4.656844912418117,YouTube,3,Entertainment,30.446625113078056,1,6.109428971696936,Medium,52.67008957783288
18,Female,UK,4.718585921660841,Instagram,2,Socializing,30.24998983875053,0,6.007016320652391,Medium,63.44520729437826
22,Female,India,4.363044327634657,Instagram,5,Entertainment,25.94643027653796,1,6.154362101517776,Medium,10.190602044577748
22,Male,India,2.2785680246111,YouTube,2,Entertainment,8.13068481934102,1,8.120475099635064,Low,26.761229858313307
18,Female,Germany,2.164224701423744,YouTube,5,Entertainment,15.319822604320509,0,7.841329391199029,Low,37.73251267852299
13,Female,India,0.7669983442229649,Instagram,3,News,20.690459603385328,1,10.0,Low,37.21271598576129
16,Female,India,2.459380006137321,YouTube,5,News,26.593907978266834,0,7.088999195387112,Low,48.75310798336162
22,Female,India,4.457598846033899,Twitter,4,Socializing,14.90021832663129,1,6.137225194344742,Medium,11.486103859361702
18,Male,India,4.0917128087994055,TikTok,5,Socializing,50.922391667566046,1,5.5954665618654165,Medium,51.13806628277696
27,Female,India,3.8035554942656566,Instagram,1,Socializing,22.15767455991333,0,7.399966463284935,Medium,12.34894771526828
18,Male,India,2.76849247485528,YouTube,2,Entertainment,32.51902002017713,1,8.395515706765668,Medium,80.22136007779577
23,Female,Canada,5.304505583344405,TikTok,3,Education,21.377832970933355,0,6.150542384996932,High,31.14342813061531
24,Female,USA,5.685786838162637,Twitter,2,Socializing,16.551694738186104,1,5.556448319033841,High,54.70478660150316
17,Female,India,3.2628333415860897,YouTube,3,Socializing,44.71164368139088,0,6.85808237752556,Medium,0.0
13,Male,USA,3.0424891880469542,TikTok,5,Entertainment,26.429494680354388,0,7.292711900089213,Medium,25.59036771744085
20,Male,Germany,4.770108691621882,Instagram,4,Socializing,20.19252610887009,0,5.742742662209045,Medium,0.0
17,Male,USA,2.400281964696477,Twitter,5,Entertainment,37.20928426446974,1,8.66053083983672,Low,37.01436222663512
24,Female,India,3.127303864350771,Instagram,5,Entertainment,28.969434349025946,1,8.108793326131511,Medium,39.44955937884573
24,Male,Canada,4.766012638475271,Instagram,3,Socializing,20.692780569975746,1,7.039917950618444,Medium,76.99953421090635
24,Female,USA,2.6347186266718747,Instagram,3,Socializing,24.655327818839837,0,8.676146526784402,Medium,41.948777533266025
17,Female,India,6.165656586481018,Instagram,3,Education,22.96809115751842,1,5.024232569998276,High,23.496463939464263
19,Female,Brazil,5.56692355619352,YouTube,2,Education,35.25866465784976,1,4.976525875645903,High,37.13542137294048
16,Female,India,2.06550694563853,YouTube,4,Entertainment,22.85633973724234,0,8.045116711395318,Low,40.89373125637413
18,Male,USA,4.018186158884107,TikTok,3,Entertainment,18.111950371308367,1,7.641333591583042,Medium,30.19756414697753
25,Male,India,3.1328962286315427,YouTube,4,News,10.746422379755352,1,5.887800015456564,Medium,45.12042173528103
16,Male,India,4.2774774452879125,YouTube,3,Education,35.56114316800322,1,7.31433663867852,Medium,56.29538264536582
26,Female,USA,3.3937223171573585,Instagram,3,Entertainment,37.48964860259677,0,7.609985763641861,Medium,50.29397648960354
27,Female,India,3.1668174014579185,Snapchat,4,Education,32.88392935809463,1,7.454782454503793,Medium,63.13091847409922
15,Male,Germany,5.090662224438587,YouTube,2,Entertainment,35.85578326857427,0,5.77414414351188,High,43.12541385878271
19,Male,India,3.43470554296122,Instagram,5,Socializing,13.661742086238949,1,7.440396931756761,Medium,98.99560499139118
20,Female,Canada,2.2963749586468047,TikTok,4,Entertainment,17.13280714083294,1,7.227549782579765,Low,52.31962151135112
16,Female,USA,3.757089405900955,YouTube,2,Entertainment,20.3810384285152,0,8.13933084828086,Medium,0.0
25,Male,USA,0.5,TikTok,4,Entertainment,21.31369215720945,1,9.317716899389984,Low,38.02059521187175
14,Female,India,2.715942875849147,Instagram,2,Entertainment,39.120917670546696,0,8.837088188221875,Medium,67.85169808768126
24,Male,UK,2.934215511393991,Instagram,1,News,43.24746807962825,1,6.763489664932044,Medium,28.095337358595845
22,Male,Canada,4.471815729249785,YouTube,4,Entertainment,17.692278847178557,1,6.629588876751998,Medium,26.21864178616258
26,Female,Germany,4.774842243186836,Instagram,5,Education,32.37166912483877,1,6.776223049634142,Medium,70.9302165032702
15,Female,Canada,4.081041163250178,TikTok,5,Education,24.22423755364517,0,6.077745116860669,Medium,73.83249167016369
13,Male,Australia,1.6398002547228936,Twitter,2,Socializing,23.840067371080952,0,10.0,Low,15.54212551607381
20,Male,India,2.631397030623652,Instagram,3,News,21.3739818511091,1,6.771595153605915,Medium,52.42767860223009
27,Female,UK,1.2020564430691345,YouTube,1,News,32.62161673955229,0,8.286690105595707,Low,71.17593638517113
15,Male,India,4.629929059747317,Twitter,3,Socializing,21.14166421821017,1,7.111666784631831,Medium,49.41529012397238
24,Male,Canada,2.174705260754986,YouTube,2,Socializing,24.11657924485269,1,8.178634149319898,Low,34.304164449944565
22,Male,India,1.311806518925323,YouTube,2,Education,26.054743545822863,1,9.043949549058866,Low,48.00351059337735
19,Female,USA,0.8533899469911788,Instagram,4,Socializing,37.6323566777646,1,8.709078651036142,Low,37.0641339525242
22,Male,Canada,4.06295809349768,YouTube,1,Socializing,11.570105467428636,1,6.42550269917465,Medium,40.27892894995944
17,Female,India,1.0204619089952187,YouTube,4,Entertainment,29.455924644205066,0,8.941294274412176,Low,59.97975763037872
22,Male,UK,0.7220787002396598,YouTube,1,News,31.932705232986,0,9.894394355299854,Low,78.51463043056833
17,Female,UK,5.24686865603672,Instagram,4,News,8.134192863473999,1,5.610289200569438,High,22.76485380637791
26,Female,Germany,5.357260872261217,Twitter,5,Entertainment,31.778915294507215,1,4.863491537980829,High,43.4094545153965
19,Female,UK,2.0520806655502506,Twitter,5,Socializing,11.289576406868424,0,9.215456998494178,Low,35.52740717614508
27,Male,USA,2.223109734332055,YouTube,5,Entertainment,28.106700341863988,0,6.778000599674844,Low,51.256812580939176
21,Male,USA,4.40257620896178,Instagram,3,Entertainment,16.24264668937024,1,5.79110843114807,Medium,34.07734425518465
24,Female,India,1.2289462619743716,YouTube,1,News,13.616106446743668,1,9.186370060882057,Low,41.96775238111479
17,Male,India,4.003491148316968,TikTok,5,Socializing,24.76603590895791,1,6.941887777714813,Medium,30.757687660858306
13,Male,India,4.565083960998328,Instagram,2,Socializing,22.98970988528586,0,5.313011881869865,Medium,18.463882905070776
22,Male,USA,5.457493796433913,TikTok,5,Entertainment,37.10624666535815,1,4.386742047482581,High,33.88975715819399
22,Female,Canada,5.236557287395295,YouTube,3,Education,23.915543747981317,1,4.216757633105742,High,15.699635617565065
13,Female,Germany,5.47363012997787,Instagram,5,Socializing,27.249441539714944,1,5.363015414249654,High,47.11739642017381
27,Female,India,1.5380157438570057,YouTube,2,Education,31.72110452815809,0,10.0,Low,12.193149561546868
14,Female,Australia,2.0072274114004345,Snapchat,5,Socializing,14.02364007428388,0,7.799795858743781,Low,36.63064144825012
26,Male,Brazil,3.5224738951305063,Twitter,1,Entertainment,23.927748940043877,0,8.685425904655355,Medium,36.722005719682855
18,Male,India,3.0159248044874385,YouTube,5,Entertainment,11.82092637554593,0,6.752871569038018,Medium,33.9702319357815
21,Female,Germany,4.396624579799902,Snapchat,2,Entertainment,31.75278826559777,0,4.148623519371074,Medium,43.25553109869156
20,Female,India,3.221625993129737,Instagram,1,News,26.058027121907703,1,5.810311331866429,Medium,39.00933414419042
25,Female,Canada,4.810286922007588,Instagram,4,Entertainment,38.87641308702516,1,4.540836554652271,Medium,10.481182762733216
17,Female,Canada,3.074774199145327,Instagram,4,Education,32.938360725253496,0,8.540573171290081,Medium,42.09398443031546
13,Female,UK,8.800272036317418,YouTube,3,Socializing,37.07970757016794,1,3.603442352253599,High,36.31014552274488
25,Male,USA,4.563182280354296,TikTok,1,Entertainment,20.601844771205545,0,5.519582579659853,Medium,66.50437953326865
19,Female,India,2.352545683075122,Instagram,4,Entertainment,19.1274684104706,0,9.126746525768596,Low,54.82542540707718
27,Male,India,6.513251944738919,TikTok,1,Education,14.032832469356528,0,3.1188829808036407,High,38.24367124236122
17,Male,Brazil,2.9956926204713383,Instagram,3,Entertainment,29.46885661663491,1,7.471090911365534,Medium,40.79755156446514
18,Female,Brazil,5.395083957720521,TikTok,4,Entertainment,30.07371569544085,1,6.858387094135032,High,34.95414748391439
25,Male,India,3.703178599684159,Twitter,3,Socializing,23.1663287350717,0,6.2731496805505165,Medium,49.69996926436628
19,Female,Germany,5.301853444839402,TikTok,3,Entertainment,36.09547895366328,1,6.658297815565514,High,62.7953906508711
15,Male,India,3.785509886802051,TikTok,4,Entertainment,26.53956744227286,1,7.39910432744036,Medium,33.838604176301374
24,Female,USA,3.4230397336065423,YouTube,1,Socializing,16.959412776943395,0,6.102018047711118,Medium,21.20545465938069
22,Female,Germany,1.8786808975432847,YouTube,4,Entertainment,21.827851298788666,0,8.519537856411597,Low,57.76134876150131
15,Female,Australia,2.30904843215136,Instagram,2,Education,33.77676176435456,0,6.645281739022598,Low,68.08520944181403
17,Male,Germany,4.195874362735576,Instagram,4,Education,25.79649510172927,1,6.352799802785647,Medium,1.1905167606003246
18,Male,USA,5.157863623295194,TikTok,1,Socializing,31.8161408009085,1,5.203822484230191,High,63.14111396118598
21,Male,Australia,3.8803887514487214,Instagram,2,Entertainment,16.114575448871495,1,6.764240322565282,Medium,56.78516423965766
25,Female,India,3.783450316747853,YouTube,2,Entertainment,21.02917916094099,1,7.887547243475645,Medium,42.95647328124246
26,Male,India,3.3592121949239218,TikTok,2,Socializing,27.64421809613866,0,7.124405260621683,Medium,55.77355110093573
24,Male,USA,3.2728879912763102,TikTok,4,Socializing,31.950749566796794,0,7.365519367072131,Medium,39.17454333815731
17,Male,Brazil,2.2264025004138794,Instagram,4,News,39.31466705251344,1,7.883523229349227,Low,20.532395314593447
27,Female,UK,2.835065819392103,Twitter,4,Socializing,12.796627866767627,0,7.329872155182043,Medium,49.94455887475722
13,Male,USA,5.225970398599531,TikTok,1,Socializing,24.214846987832583,1,5.201478574078799,High,22.74947339124581
26,Female,Germany,5.287348982554212,Twitter,5,Entertainment,44.330663362188105,0,4.499429319132743,High,31.45641853526021
26,Female,India,1.5708162580744944,TikTok,1,Entertainment,25.244748902999795,0,7.954586251172188,Low,39.89258802291399
26,Male,Germany,2.085551531507354,Twitter,3,Entertainment,9.181436612744978,0,9.004893448653918,Low,40.147401074530286
16,Male,India,2.3515161235037807,YouTube,4,Entertainment,30.55672344370931,1,7.5806955130722145,Low,32.31599451860976
17,Male,Canada,5.708138033746028,TikTok,1,Entertainment,22.021578695735265,1,5.978729965286211,High,57.30898859308336
24,Male,India,2.5492049671222565,Snapchat,1,Socializing,27.230094766626166,0,6.771749976235679,Medium,48.98378762782274
22,Female,USA,0.5,Snapchat,1,Socializing,34.883222563728694,1,9.311371300900603,Low,0.0
22,Female,India,0.6702699746254299,Instagram,1,Education,25.99411525337787,1,7.523103879856526,Low,33.45671940870628
17,Male,India,2.4699386428542787,YouTube,3,Entertainment,40.20596758819111,1,8.431434322533102,Low,49.37993854774962
19,Female,India,3.73754007174286,YouTube,4,Entertainment,42.05524645058044,1,6.678411610692685,Medium,65.67211017032832
16,Male,India,2.52968021250779,YouTube,1,Socializing,23.44457545022261,0,7.299683775543223,Medium,22.426693150172586
13,Male,Brazil,3.5895992351331576,Twitter,1,Entertainment,25.373950363606724,1,7.66749343424854,Medium,58.53867351018289
26,Other,USA,2.686752664934174,Instagram,2,Socializing,17.382239359717715,1,7.379290795790999,Medium,48.65914628239983
26,Female,India,2.024767880495154,Twitter,1,Socializing,30.198176100798506,1,8.939439947211104,Low,42.45536533434497
17,Male,Australia,7.878995001062768,Instagram,4,Education,35.37097598963266,1,3.9988033989461385,High,34.80921306236862
19,Female,India,4.083361754079549,Snapchat,3,Entertainment,17.009956013015877,0,8.06375089791029,Medium,50.455519839929686
22,Female,India,4.223274885299771,Snapchat,5,Socializing,28.447289033564424,0,5.832329672278232,Medium,37.057141745705685
22,Male,Germany,2.236479622900963,TikTok,2,Education,34.91720633379462,0,8.138764323479219,Low,0.0
18,Female,Australia,5.103132418762624,Instagram,3,Entertainment,19.61324380043581,1,6.678413166785982,High,47.47103481222782
17,Male,India,0.5,TikTok,2,News,19.7796498661048,1,9.27986002083986,Low,24.5150588643
16,Female,Germany,4.62141887534225,YouTube,1,Entertainment,26.83598111415224,1,7.910999049640128,Medium,30.177658172955343
14,Female,India,2.273327712463567,Snapchat,3,Entertainment,18.535521357546703,0,9.47247347911982,Low,35.62754260570304
16,Male,India,3.3159793167714016,YouTube,4,News,15.634177179066858,0,8.062172935020493,Medium,56.15711435381888
27,Female,USA,0.8983132279799997,YouTube,1,Entertainment,25.74559543019644,1,6.755047672385698,Low,57.599203553445165
22,Female,USA,1.7777723891472617,Instagram,3,Education,15.748035671226976,1,8.53274605238127,Low,44.4037294879097
22,Male,India,3.242875615311146,Instagram,3,Entertainment,33.78202544862198,0,7.601535510342394,Medium,8.137946446568453
15,Male,Germany,1.6303060851852562,YouTube,4,Socializing,12.325270491961666,0,8.913700573505105,Low,37.43395986375597
22,Female,India,3.873502310498244,TikTok,2,Entertainment,37.84862822704415,1,6.039149143510104,Medium,33.56871177189621
13,Female,USA,1.3956846358053627,YouTube,4,Entertainment,25.59545152006909,0,7.340657373630825,Low,46.35719300367277
20,Male,Germany,2.318729900610464,YouTube,2,Entertainment,12.66089892392162,0,8.0461106832392,Low,4.503887638168386
17,Male,Germany,5.303457363528972,Twitter,3,Education,31.20052194866166,0,6.072560997051208,High,38.58486358699994
25,Female,USA,5.225768102489212,Instagram,5,Socializing,31.396626067519136,0,5.950395223883978,High,51.85060381656905
16,Male,Germany,2.218208164428309,YouTube,2,Entertainment,30.077565838782498,0,7.938957209500783,Low,31.75959259653208
20,Male,India,4.761567709676794,Twitter,4,Entertainment,24.084684224655888,1,6.377022396270406,Medium,44.88325077659802
19,Male,Germany,3.407545661416393,TikTok,3,Education,25.528951406979296,1,6.774506237092223,Medium,42.99873705117413
14,Male,Germany,2.524426758180644,Instagram,2,Content Creation,15.591716638390396,1,8.970424570469914,Medium,60.97353806481517
13,Male,USA,2.22502073891015,TikTok,2,News,12.434058109142986,1,9.63545404986954,Low,39.564068670912015
24,Male,Germany,1.2244252861284295,TikTok,4,Socializing,33.29501062345334,1,8.33162266483609,Low,82.89754695481103
23,Male,Brazil,1.9984444222048443,TikTok,3,Entertainment,24.29455174557621,1,8.958909912058433,Low,34.023243332100606
16,Female,India,1.572754312501064,TikTok,4,News,27.10018075433399,1,7.502868443854329,Low,0.0
20,Female,India,4.590459378062654,YouTube,1,Socializing,18.7294082282594,1,7.405226500736152,Medium,17.810413842757924
24,Male,India,4.066013532647975,Snapchat,3,Education,43.1564101876386,1,8.797442888625225,Medium,52.574137663918414
14,Female,USA,4.116632369493551,Instagram,3,Content Creation,8.627363616617771,1,6.213176613210071,Medium,7.706908845626209
15,Female,USA,3.63679960843616,Instagram,5,Socializing,27.90885532370754,1,10.0,Medium,29.53964368399398
24,Male,India,0.5,YouTube,4,Education,28.2914390331008,1,10.0,Low,5.94516741134742
13,Male,Canada,6.847064426028304,Snapchat,3,Socializing,33.96164842685939,1,4.992822819463546,High,34.1931659969255
13,Male,USA,1.5594485108251328,TikTok,5,Socializing,19.017454090920804,0,8.36258210585707,Low,44.74800278513342
25,Female,India,4.104836425218942,Instagram,1,Education,30.817525000210832,0,7.536423221448548,Medium,46.97148967080805
15,Male,Brazil,3.42386004801706,Instagram,1,Education,24.04323956943354,0,6.753292739427607,Medium,38.28788621867279
23,Male,India,3.734654668421589,Twitter,5,Education,30.31172048579005,0,7.601955582271215,Medium,43.60212012877085
17,Female,Canada,4.041574899098056,YouTube,3,Entertainment,24.747226782703795,1,5.259548405657277,Medium,52.091229773676666
24,Female,USA,3.869153807194607,Instagram,4,Entertainment,20.513359164417057,1,7.377926353743104,Medium,44.96318519899883
15,Female,USA,1.8387229669113188,YouTube,1,Entertainment,20.170337919233564,1,7.708124491398895,Low,16.291058787575288
13,Male,India,0.5,YouTube,4,Entertainment,41.72202712920571,1,8.794356145599963,Low,80.08555458751367
13,Female,UK,1.7355107993051626,TikTok,1,Education,18.01894118173136,1,10.0,Low,44.440325104472805
20,Female,India,4.431531275774194,Snapchat,2,Entertainment,18.182359914271977,1,6.595595259545913,Medium,0.0
22,Female,UK,5.123141838913318,Instagram,4,Entertainment,27.449892624145,0,5.585666163530975,High,0.0
23,Male,UK,3.650500806148084,Snapchat,3,Content Creation,13.309314242755882,1,4.509341738765086,Medium,9.790386349479975
24,Male,Australia,4.545405478071207,Instagram,4,Entertainment,30.035647250661825,1,7.183332075137956,Medium,28.484491731851943
25,Other,India,4.169142763517993,Snapchat,1,Education,19.108766305886583,1,5.205856899046836,Medium,49.25101090743216
25,Male,Germany,3.951340157896949,Instagram,4,Education,42.63161082604235,0,7.26193942452507,Medium,47.97289130344565
24,Female,USA,0.5,TikTok,5,News,25.98984458555243,1,8.671492443782475,Low,47.13715284972282
27,Male,India,5.753819188599055,YouTube,1,News,29.588519329872053,1,6.566947100732028,High,24.438554738519294
26,Male,India,2.2728004102476307,YouTube,2,Content Creation,12.741927563066714,1,8.675716661469453,Low,34.91202566119533
14,Female,UK,3.3182781267449424,TikTok,1,Entertainment,28.614671608399743,0,8.213220138651817,Medium,28.99125737377515
25,Female,Canada,3.8331718101021073,TikTok,5,Socializing,40.477119816680485,1,7.347728706410349,Medium,56.558316781804905
15,Male,India,1.7716067130735662,Snapchat,4,Socializing,27.1371846681116,0,9.557822983690114,Low,8.520436224686918
14,Female,Canada,6.291070564995562,TikTok,2,Education,41.93579589653368,0,4.481632794662237,High,43.90495808615262
15,Male,Germany,4.096535261291169,Instagram,5,Entertainment,22.592557804919416,0,5.606977750135047,Medium,45.29037588346315
19,Female,India,4.243516482322925,YouTube,5,Entertainment,25.633566117982856,1,6.759326264659982,Medium,52.45835578030954
13,Female,Brazil,3.3964357615684264,Twitter,5,Entertainment,33.582579409524335,1,8.32657184075973,Medium,27.680156647906745
22,Male,USA,1.2622863358481355,YouTube,1,Socializing,21.134801507315096,0,8.222781590021974,Low,64.98806164956679
20,Female,USA,4.592260363474338,YouTube,4,Entertainment,32.41267002604225,1,7.025378351865002,Medium,55.98385800725622
25,Female,India,2.479300034527345,Instagram,5,Education,23.695866801321014,1,8.252286831413882,Low,52.30661141159412
22,Female,India,2.7520792916271626,YouTube,4,Entertainment,41.94645474112103,0,7.081675277849269,Medium,65.3148736654099
22,Male,India,5.233265361637125,Instagram,4,News,20.69191709897328,1,5.372017165172002,High,59.63630862065051
22,Male,Brazil,2.0937479052511074,Instagram,1,Education,5.0,1,7.209903182433885,Low,63.38449226616965
26,Male,Australia,3.69019401878678,Instagram,2,Entertainment,20.223473867072997,1,9.738090833589297,Medium,27.22555576441208
14,Female,Brazil,5.348310063405714,YouTube,1,Entertainment,22.183750199837124,1,5.270049731861905,High,29.34069415949641
15,Female,India,1.638305711323731,Snapchat,3,Socializing,20.06370838096137,1,7.40786451145841,Low,61.733508471833495
21,Female,Germany,4.302715977253628,Twitter,5,News,31.194445944466217,0,7.882263341641747,Medium,0.0
19,Male,Germany,3.5217975559924404,YouTube,3,Socializing,38.31227580901837,0,6.86685846562238,Medium,79.18074852539817
16,Male,India,4.116144112459825,YouTube,2,Entertainment,25.876861285517386,0,7.291624474318839,Medium,29.32974119505648
22,Female,USA,7.377156028748297,YouTube,4,Education,7.925908846558091,0,4.143181262793733,High,32.28590504547349
17,Female,India,0.5,Instagram,4,Socializing,15.363357766241172,1,10.0,Low,29.02804189014487
14,Female,India,5.327298600050293,Instagram,2,News,47.34172008373744,0,5.363749136643245,High,32.56893838208346
25,Female,India,0.9433786338995443,Snapchat,2,Socializing,29.759752469065823,1,8.916800414759493,Low,63.67506251239098
23,Female,Brazil,3.862360928235238,TikTok,1,Education,57.84142837425255,0,7.697486867864299,Medium,84.22402710611559
25,Male,Canada,3.0264560488285954,TikTok,3,Socializing,32.7935822953346,0,8.355905932448815,Medium,8.529718362828437
20,Male,USA,2.791118654576061,TikTok,4,Socializing,7.921481836087409,1,5.441556302871252,Medium,17.27261533656891
16,Female,India,1.483630721215632,TikTok,4,Socializing,37.71121828882395,0,7.762931316735492,Low,16.08542493198543
21,Male,India,1.992495610941868,Snapchat,2,Content Creation,5.0,1,9.323411604293923,Low,51.63860622823226
17,Male,India,3.672671262131335,TikTok,3,Entertainment,23.679757859374774,0,7.090367722804456,Medium,53.64955939113842
25,Female,Australia,1.8379687419078703,Instagram,3,Entertainment,27.58647518211968,1,8.496054961581155,Low,48.13031268649158
21,Female,Germany,4.239475843425554,Instagram,4,Education,22.4779503374345,0,6.046713946931972,Medium,29.71695428308525
16,Male,Germany,1.134573293567292,YouTube,1,Entertainment,42.63280279942405,1,8.878008154417763,Low,58.38349496779095
22,Female,India,5.815248148279994,YouTube,3,Socializing,23.43153438862071,0,5.925465455482492,High,14.98850904115536
17,Female,India,2.56142801432258,TikTok,5,News,17.01958404599452,1,8.349006003242373,Medium,0.0
21,Male,USA,1.1192564006870596,TikTok,1,Entertainment,34.00664632487425,0,10.0,Low,31.03197221201569
20,Female,USA,3.893196181359782,Instagram,1,Socializing,13.095614293771227,1,6.45427425246258,Medium,23.79196940055908
15,Female,India,2.6969012311668754,YouTube,3,Socializing,31.732530353586576,1,7.627995622499347,Medium,40.88854394880225
13,Male,Australia,3.168080508980036,YouTube,2,Socializing,25.97992313786748,0,7.686618750519455,Medium,61.93793141726223
15,Male,India,4.45452705500605,Snapchat,5,Education,21.405651674539158,0,8.304458244823193,Medium,15.623410607525546
16,Female,UK,5.078337508218566,TikTok,2,Entertainment,22.838898236142263,1,4.721055819707695,High,72.44435179717637
14,Female,Canada,2.893139357763929,YouTube,2,Education,9.426155328017954,0,6.326053681251068,Medium,56.42081244611605
13,Female,Brazil,3.854102458352608,Instagram,2,Socializing,34.16820915903626,1,6.501528914540883,Medium,52.35545800292989
19,Male,India,3.487360975534387,YouTube,3,Education,20.172921095702957,1,5.857922188181527,Medium,43.58384850238585
20,Female,India,3.732805026889209,YouTube,4,Education,38.70200857737788,0,5.786992660354697,Medium,54.08356374632386
19,Male,Germany,5.955553795394502,TikTok,4,Education,32.636211600231135,1,6.84732076654635,High,51.20911421142569
26,Male,USA,4.302324726434521,YouTube,4,Entertainment,14.740157386048702,1,7.4847681329592515,Medium,24.735916288060267
17,Male,UK,3.9537784920176606,YouTube,5,News,31.54082392196655,0,5.730542013287897,Medium,35.55997853665395
24,Female,UK,5.216383442253486,Instagram,5,Socializing,13.600048321678702,0,5.982181797099855,High,25.401868212729983
13,Female,UK,6.21055895396951,YouTube,1,Content Creation,30.2095248087402,1,5.371392378063252,High,51.60382507985993
19,Female,Brazil,4.833159587109973,Snapchat,5,Entertainment,5.0,1,5.816767192122874,Medium,44.04302167548786
25,Male,India,3.712410716148076,Snapchat,3,News,15.149753471408618,0,7.999544478641408,Medium,31.444348515399668
19,Female,Canada,3.203546660399593,Instagram,1,Socializing,32.571292177982954,0,7.235170996254204,Medium,23.434437323810577
21,Male,India,1.7301229681025716,Instagram,1,Entertainment,35.31950907264916,1,7.71132677390062,Low,25.049359357173387
15,Female,UK,4.235596405281253,Instagram,1,Entertainment,31.092350711262423,0,7.288424977480919,Medium,53.9713932572737
21,Female,India,5.909893198420222,Instagram,1,Content Creation,31.904076445932784,0,6.358716519943796,High,44.42490755260269
26,Female,Brazil,7.120811992553579,Twitter,1,Socializing,30.40905374223387,1,4.218254791115059,High,62.78812630636122
13,Female,Canada,2.6282289008115667,TikTok,3,Entertainment,25.638566654519217,0,7.554279851529805,Medium,19.76806894388156
13,Other,Canada,2.7314675724026216,Instagram,3,Socializing,34.6506736728968,0,7.699558531928476,Medium,24.4368650980541
26,Female,India,3.5895731759055582,Snapchat,1,Entertainment,15.022243567223988,0,8.075384536060263,Medium,60.26301080072443
16,Female,India,1.7757274884943357,YouTube,4,Entertainment,49.693598648557824,1,9.182155092162828,Low,32.90359957297369
21,Female,USA,4.603982957252405,TikTok,5,Socializing,28.885526729316677,1,5.354664818835554,Medium,12.889762818810723
18,Female,India,4.583348061136031,Snapchat,4,Entertainment,40.54770784626505,0,4.55748220606032,Medium,42.15298853624596
25,Female,USA,4.375345596397535,Instagram,2,Socializing,56.16891254045049,1,7.245936800024609,Medium,27.112846857412578
23,Male,USA,4.071528542019132,TikTok,4,Entertainment,25.413152207173344,1,6.995839633097598,Medium,30.743080736599055
15,Male,UK,3.254480703780415,TikTok,5,Entertainment,38.88280503936269,0,8.429770234826169,Medium,26.350009868032664
13,Female,UK,3.1309941844899454,Instagram,2,Education,20.67537235422446,1,7.162905881300199,Medium,45.64320466882957
16,Male,India,3.014259297953995,YouTube,2,Education,15.314547516669064,1,6.795632548783338,Medium,60.67925506671216
24,Female,UK,4.147909965941364,TikTok,3,Entertainment,28.13849145900404,0,8.556642023375982,Medium,16.82207040905478
25,Male,India,4.691614914220831,Instagram,2,Entertainment,36.11319409528011,1,5.93908102953351,Medium,36.91364278813453
21,Male,USA,3.0007311220250976,Instagram,5,Entertainment,38.65988236670796,1,6.891199994043165,Medium,44.48640358039534
15,Female,Germany,3.904815283972797,Instagram,4,Entertainment,24.237904947917954,0,7.590830478984003,Medium,33.53848342495417
24,Male,USA,4.219847280000311,YouTube,1,Socializing,19.90039442545593,1,6.049056372444116,Medium,24.25004647145588
21,Other,Canada,5.497154829873038,Instagram,1,Socializing,35.66622919771513,0,5.648955783466876,High,69.62096416115514
19,Female,India,3.711542057834202,Twitter,2,Education,11.653892120002656,0,6.558515484138792,Medium,86.83734271448887
24,Female,Australia,3.4698149214586382,YouTube,1,Education,20.633645658202607,0,7.767240963897374,Medium,46.85299409997758
26,Female,India,3.03257431388864,TikTok,3,Education,20.81293128151179,1,5.355863676236778,Medium,62.802205481459175
27,Male,UK,3.939560988746937,TikTok,5,News,34.94905086369447,1,5.446061431517019,Medium,72.90760472387976
16,Male,Brazil,4.05668105967769,TikTok,4,Entertainment,26.19642930421608,0,6.568830942312851,Medium,67.31308870188
15,Male,USA,1.4824695711513254,TikTok,4,Socializing,20.087563729162675,1,7.903687100140617,Low,32.67422430620142
22,Male,UK,4.066749223552552,Snapchat,3,Entertainment,38.59233742451332,0,6.879258482943819,Medium,48.206368244132285
27,Female,Canada,4.065115145716042,TikTok,1,Socializing,33.02715913748736,1,7.061204722227266,Medium,80.92970429658727
17,Female,Canada,3.297454475428226,TikTok,4,News,30.75340793296417,1,8.331626534529663,Medium,33.16432304743817
17,Male,Canada,6.470200398952096,YouTube,2,Entertainment,39.85695668382089,0,5.747435214243858,High,15.331277347993217
15,Female,USA,3.242260991647881,Snapchat,1,Socializing,21.053666821166537,0,8.105894997088653,Medium,65.34732588930268
24,Male,Canada,4.672843016201028,Snapchat,2,Entertainment,33.693541955267605,1,5.338852076872381,Medium,35.53346234895417
21,Female,UK,1.860219488602768,Snapchat,3,Entertainment,15.319424999615164,0,9.533426078344403,Low,25.42846045868432
16,Male,India,3.031345739783916,TikTok,4,Entertainment,21.57742257151873,1,8.277691617233096,Medium,39.33529783424496
23,Male,India,4.328972944731102,Instagram,3,News,5.0,0,7.305300390402047,Medium,28.8891182766932
17,Female,USA,2.3364851368833706,Snapchat,4,Entertainment,21.6979205712409,0,7.77425517774139,Low,22.779229694138145
16,Male,Germany,1.7081053308299825,Instagram,1,Education,9.73498056045642,1,8.638735735403818,Low,56.59262150817762
17,Male,Germany,3.0713585828457544,YouTube,2,Education,42.8983810942282,0,6.700517566765907,Medium,43.0543469305628
19,Male,USA,3.0239367889992232,Instagram,1,Education,22.890362910641937,1,6.674280403783931,Medium,42.825294332592506
21,Female,Brazil,3.372095957814676,Instagram,2,Socializing,5.0,1,7.568660366518178,Medium,57.96144900298535
19,Male,Brazil,4.21067948017611,Instagram,2,Education,27.183758490963523,1,6.6320548390385605,Medium,21.06173160977819
25,Female,India,3.2918441137683736,TikTok,1,Entertainment,5.649854788508996,1,7.102037170730043,Medium,82.5600264523859
17,Female,India,2.2976900395925384,Snapchat,1,Entertainment,27.81495194893144,1,6.5398998210033055,Low,34.0695367700732
22,Male,Germany,5.161990242375707,YouTube,2,Content Creation,23.89169185166205,1,5.85204819937058,High,0.0
22,Other,Canada,5.8491017353471895,TikTok,4,Entertainment,21.323029045255225,0,4.772664583267544,High,36.00357763208157
19,Male,Brazil,3.915123381645073,YouTube,5,Entertainment,28.05480183657848,1,6.599147862797134,Medium,26.00201082091029
26,Male,India,4.896304474622319,Instagram,5,Entertainment,23.780557832693223,0,5.956034147650955,Medium,47.80080808701016
27,Male,USA,4.684221994437181,Instagram,2,Education,31.735970073243077,0,5.692315056170546,Medium,33.74709473889069
22,Male,UK,3.9943193129499535,Instagram,3,News,25.01059096172365,1,6.9927007233866085,Medium,74.68369781598098
17,Female,India,2.8228472043474584,Twitter,4,Entertainment,35.333815445480056,0,9.603887304206474,Medium,34.079620618385235
15,Male,India,3.7381614642110894,TikTok,2,Entertainment,15.676008451280769,0,6.392363850735461,Medium,35.213257000902885
19,Male,Canada,4.546207874332243,YouTube,1,Entertainment,41.60959574797071,0,8.196257270735835,Medium,5.649437705005205
25,Female,UK,4.274864049788767,YouTube,5,Education,28.72330660594063,0,8.266031298303187,Medium,44.11038963709885
23,Male,USA,0.8686960054632591,Snapchat,1,Entertainment,22.028242890515426,0,9.929485917461053,Low,44.15308496932334
23,Female,India,2.8093805414193653,TikTok,2,Socializing,5.0,1,7.87663083714108,Medium,58.29315458199674
14,Male,UK,4.6855416188390855,Instagram,3,Entertainment,44.615989471208806,1,5.582746803348842,Medium,48.046401247265294
27,Male,India,2.7913809469275543,Instagram,4,Entertainment,28.675158495491008,1,6.877653500942526,Medium,60.5388610721965
24,Female,USA,4.952743750493782,TikTok,2,News,21.57771442064125,1,5.341532367405378,Medium,29.33124038522618
21,Female,India,4.744751564360376,YouTube,1,Entertainment,17.14406012462952,1,6.4455293937046925,Medium,0.0
22,Female,Canada,2.372866509003111,Instagram,1,Socializing,39.952894942288005,1,7.719579830746923,Low,25.95506665408707
22,Male,UK,5.287471858390832,Instagram,5,Entertainment,44.80780185453341,0,5.810833527474714,High,48.26646975414268
24,Male,Canada,4.703443142503381,Twitter,1,Socializing,32.22588763635386,1,6.747338448033392,Medium,72.14112210110376
13,Female,USA,6.578648360306622,Twitter,2,Education,7.738131276697505,1,6.247595833385354,High,36.425327586942686
25,Female,India,2.652860255288478,Instagram,2,Entertainment,22.56610286925377,1,7.107721070567137,Medium,35.21249485674725
18,Male,Germany,3.1939438296513205,Instagram,3,Education,31.63266425428702,0,6.409974855130195,Medium,14.62030567722023
19,Male,USA,2.7025450521416827,Snapchat,1,Content Creation,25.635802121215026,0,8.594658706541548,Medium,17.16227385020457
26,Female,UK,3.003937156384684,TikTok,4,Entertainment,33.45994653325541,0,6.260028498460853,Medium,19.0419175828732
25,Female,Germany,2.639697724084657,TikTok,3,Entertainment,31.855389205940103,0,7.462640415424331,Medium,0.0
20,Female,India,3.539831805628576,TikTok,2,Socializing,17.742335403232357,1,7.303014566137797,Medium,3.744819183067172
22,Female,Germany,3.715649262143524,YouTube,1,Socializing,30.498206771917825,0,7.921823238663105,Medium,49.52006638362247
21,Male,India,4.307794342771755,Instagram,3,Entertainment,26.0789004558358,1,6.857386952599113,Medium,42.2000085644282
14,Male,USA,3.757242757617111,Snapchat,2,News,5.0,1,6.825237431330604,Medium,11.827342459237164
23,Male,USA,6.717778600351656,TikTok,3,Education,22.88284305707049,0,6.506513814055105,High,93.35817267461806
22,Female,Germany,5.740883896844924,YouTube,3,Socializing,26.83854514499123,0,5.398847991091409,High,3.330894079598941
14,Male,India,2.5044621422859463,TikTok,3,Education,16.38732047102965,1,7.915930751744435,Medium,28.652790229162527
17,Male,India,5.034993147082573,Instagram,5,Entertainment,37.44740031048244,1,5.628363213990969,High,31.83108875093759
25,Female,USA,5.238353637484946,Twitter,4,News,19.08868043952472,0,5.209549238493596,High,38.49121998698291
17,Female,India,5.54687654018213,Snapchat,2,Education,26.017124029628565,1,5.778795659946851,High,58.18179156809013
18,Male,India,2.1176972939238965,YouTube,2,Entertainment,18.37401710217877,1,9.462270850053072,Low,53.209793147734814
15,Female,India,3.4220345982022016,Instagram,5,Entertainment,29.318802732690497,0,7.842234556581595,Medium,20.88944264948969
20,Female,India,3.4618982144327792,YouTube,3,Education,27.760291075355862,1,5.825297009696079,Medium,35.947882063334255
25,Male,UK,2.9813639265060594,YouTube,5,Entertainment,36.71841876878726,0,6.907928738758357,Medium,27.13859709850153
13,Female,Brazil,5.734598016015124,YouTube,4,Entertainment,32.42218532873625,1,6.8284217763579775,High,31.99475124040317
18,Female,Canada,4.537273611027612,Snapchat,5,Entertainment,24.597089735065985,1,7.023894613016786,Medium,13.992978005520095
16,Male,Canada,3.794088946069814,TikTok,2,Entertainment,20.86111914141209,1,7.494973115617178,Medium,68.65599692283037
13,Male,Canada,5.52490319589085,YouTube,4,Entertainment,20.05088746168281,1,6.044673588759843,High,22.03669807813902
27,Female,Canada,4.756038040533746,Instagram,2,Content Creation,21.939193726063387,1,6.718146555956898,Medium,23.795531959368365
19,Male,Brazil,2.878764915621113,YouTube,1,Socializing,26.892614722718548,1,7.2987279637183775,Medium,36.14918046452267
21,Other,India,2.957345302130526,TikTok,5,Socializing,29.89831780909111,1,6.055986286415152,Medium,68.2751563425721
25,Male,India,4.169412455144334,Twitter,1,Entertainment,24.528506114469728,1,7.220605131488631,Medium,0.0
16,Male,USA,3.500005732868714,YouTube,3,Education,30.995093510298112,1,7.5809163790525425,Medium,61.66562207311548
16,Male,USA,4.829921390398194,Instagram,1,Socializing,9.278663348942418,1,5.429499833783691,Medium,12.89182132216524
18,Male,UK,4.693301973961406,TikTok,3,Entertainment,28.235948532879554,1,5.993832697683258,Medium,54.17108169885144
24,Male,India,4.457135427999996,Twitter,3,News,23.456531635640424,1,8.41095294825561,Medium,24.17108668711082
27,Female,Brazil,3.12626196213588,TikTok,4,Socializing,14.315116732755,1,7.179717514773812,Medium,66.71250189177056
15,Male,Brazil,0.5,Twitter,2,Entertainment,26.28958486598609,0,8.922629376965943,Low,63.73156440472905
25,Female,Brazil,1.8123417213408557,Instagram,4,Entertainment,22.55331952897246,1,6.393644390861449,Low,21.35286221707943
24,Female,USA,3.733390118141499,Instagram,3,News,41.49245026481134,0,7.129888576419424,Medium,49.10248963022678
18,Male,India,2.744492630879586,TikTok,5,Entertainment,30.816565458277697,0,6.100257310451157,Medium,64.13392952337335
19,Female,India,6.343461228522426,TikTok,4,Entertainment,26.516531267459488,1,4.289883447369922,High,36.5044344538634
23,Female,UK,4.1450756879874096,TikTok,5,Socializing,12.798016313400495,1,6.762376845603789,Medium,44.01727117650963
22,Male,USA,3.551685054747499,Instagram,4,Entertainment,32.005038218411826,1,9.18519202827581,Medium,40.20118051800566
22,Male,India,3.840087167785263,Instagram,2,Socializing,20.357732919931674,1,7.590516388901769,Medium,45.914376889930246
15,Female,Germany,5.0283573754801285,Snapchat,2,Socializing,24.517974403057377,1,5.247755901573156,High,44.25652607601799
19,Male,India,4.056514913587079,YouTube,3,Education,27.679170113872274,1,6.542259156630003,Medium,37.88079796939678
26,Female,Australia,4.491755184777314,Instagram,2,Entertainment,38.544245783878,1,6.08681660812089,Medium,28.033173600887967
15,Male,India,4.127639043010801,Snapchat,2,Entertainment,30.391832957642947,1,7.53675215135735,Medium,18.310904172318025
25,Female,UK,1.0783126309933202,TikTok,5,Socializing,9.307109780953242,0,9.46635157395857,Low,36.718218763594926
25,Female,India,3.194569938114906,TikTok,2,Entertainment,9.993800837791971,0,8.59688144354239,Medium,13.12849920266452
14,Male,Australia,4.485614247183879,Instagram,5,Socializing,18.302064571036503,1,6.920962141131519,Medium,45.04396003058223
24,Male,India,4.306902645120133,Instagram,1,Entertainment,18.30395907338528,1,7.589662526037303,Medium,40.23221972628548
26,Female,USA,3.3264589355124548,Twitter,2,Socializing,19.185280460214027,1,6.618308526826482,Medium,20.16974018221692
22,Male,India,2.476807216349392,YouTube,1,Education,24.98911452705897,0,6.799139438038333,Low,16.832193769539266
16,Male,Canada,6.432681600704212,YouTube,2,Entertainment,39.164896374317145,0,4.041649295111929,High,20.252545339203824
24,Female,India,1.820920204843999,TikTok,2,Entertainment,25.65388431505541,1,9.62899417888392,Low,37.213203250343234
20,Female,USA,3.692134612916727,TikTok,2,Socializing,12.601564582537115,0,7.054981318808138,Medium,13.422598573661762
25,Female,USA,2.1283716414718845,Instagram,2,Socializing,22.742601030125343,1,9.333384528884649,Low,35.817433660885115
27,Male,Germany,3.3388534533634293,YouTube,5,Entertainment,13.83635344792792,1,8.100497369524119,Medium,0.0
21,Male,Canada,4.328472063831967,Snapchat,3,Entertainment,28.54354620051445,1,6.6517648589860325,Medium,55.44095404528738
19,Male,India,3.6342363431149214,YouTube,2,Socializing,21.70969852282801,1,8.434579786028038,Medium,38.735431339347166
13,Female,UK,5.276442375753187,YouTube,2,Education,32.92346882402128,1,5.715954339474097,High,30.862437823257725
15,Female,UK,1.8520013856606805,YouTube,2,Socializing,18.95311855317033,0,9.242170929988,Low,41.79016690391431
25,Female,Brazil,3.469258577031366,TikTok,4,Education,38.66783796922874,1,8.440859080238392,Medium,13.470487411899924
24,Male,Canada,2.883848390571477,TikTok,1,Entertainment,5.0,1,7.217143400348257,Medium,42.80725862944873
26,Male,Australia,1.6930512143736671,Instagram,2,Education,34.25312635800379,1,8.142065835599372,Low,14.525928202580186
21,Female,India,3.482797555312316,Twitter,4,Education,23.648128318297456,0,5.876337352625353,Medium,26.581014924545485
27,Male,India,4.306393639444366,Instagram,2,Socializing,14.998382400575268,1,8.726977379934773,Medium,31.12204716144165
24,Male,India,3.32147153139516,TikTok,1,Entertainment,28.05972238677573,1,6.80987777774082,Medium,27.539676132064063
13,Female,Germany,0.6936286197954771,YouTube,3,Education,22.87377226784895,1,9.83561889413493,Low,54.73510578692375
21,Female,Germany,4.908349346192181,Snapchat,5,Entertainment,46.7952450795037,1,5.014456054367056,Medium,48.19976976981351
20,Male,UK,4.951360259308751,YouTube,2,Education,5.0,0,6.576503078918202,Medium,98.97229403618783
13,Male,Germany,4.615084285686885,Twitter,2,Socializing,10.887511347562738,1,6.5850211545420345,Medium,17.145967133618885
18,Female,Brazil,2.3107208485031085,Instagram,1,Socializing,25.81444320320964,0,8.23668707442884,Low,24.564831494148237
17,Female,India,2.7306002456876186,YouTube,2,Entertainment,25.82201358624705,1,8.911476936675943,Medium,58.2296398464464
18,Male,India,4.929740616598349,YouTube,3,Education,17.261929440140285,0,8.60721929508837,Medium,7.938819089933787
22,Male,USA,1.6244355804115846,Instagram,4,Socializing,27.476151255832654,1,7.296313129015671,Low,57.82349573688049
24,Female,Canada,0.6912316977599735,Instagram,4,Socializing,22.77688537576744,0,10.0,Low,20.93967323550566
25,Other,India,1.3069669210396206,TikTok,4,Education,43.1572211291094,1,8.673303938159346,Low,37.96460367190118
25,Female,Australia,6.717797595345126,Twitter,4,Socializing,10.748771487470131,1,4.750761282679657,High,14.493593580384122
25,Female,India,3.265140042022232,Twitter,3,Socializing,22.675204214521635,0,7.147536145981229,Medium,35.54819203006154
27,Male,USA,5.055452693059422,Instagram,4,Socializing,17.972876809138675,1,5.172586768398245,High,59.95761551157408
17,Female,USA,7.1617427117293,YouTube,2,Entertainment,48.6764651577533,1,4.228758779687935,High,37.72618005958014
18,Male,UK,4.720476839853228,Instagram,2,Education,32.54647851054529,0,6.021432078378661,Medium,23.399906069307065
17,Male,Brazil,5.74745877795738,Snapchat,1,News,33.32008851686594,1,4.783429217073573,High,16.566106839024933
23,Male,India,6.534897788412697,YouTube,1,Entertainment,36.673717220334936,0,5.717646993629917,High,0.0
24,Female,Canada,4.339034891413893,Twitter,4,Education,6.998071987866446,0,6.72530746191002,Medium,54.531634346501065
17,Male,India,3.200216351419409,Instagram,1,Socializing,31.193004687643853,1,7.228297963335233,Medium,64.53010300674146
16,Male,UK,0.5,Instagram,4,Entertainment,28.062621525712363,1,9.491175334681753,Low,49.722016158696015
15,Female,Canada,3.9030868463095,Instagram,3,Entertainment,35.019966258740794,0,6.121464314448268,Medium,70.2495698655062
15,Male,Germany,5.674472025440384,Twitter,4,Entertainment,23.431332495195647,0,6.348668357628694,High,55.60036901846994
16,Female,Germany,1.862472745826924,YouTube,4,Socializing,5.0,0,8.140940850281472,Low,34.8449007650224
21,Male,India,5.93397103651624,Snapchat,3,Entertainment,25.126603474087577,1,5.533051067330256,High,18.099600193892265
14,Male,UK,3.761955606610006,Instagram,4,Education,27.31471295428545,1,6.377580904368047,Medium,24.013878083445555
27,Female,USA,1.3189933138762928,Instagram,4,Socializing,8.563947140547647,1,9.439324796650071,Low,63.381098145012174
21,Male,India,2.634916822144338,YouTube,2,Education,17.233369434172623,1,6.495673564841508,Medium,9.334513846308568
13,Male,India,3.052603315898493,TikTok,1,Entertainment,17.585723392639522,1,9.361749470544964,Medium,39.531132919897885
26,Male,Brazil,1.8726902906773748,TikTok,5,Entertainment,25.330408522373997,1,8.932718480226644,Low,0.0
27,Female,USA,1.3876704886583022,TikTok,3,Education,14.902844263432565,0,9.791357292105465,Low,29.56654493200498
27,Female,USA,5.851479012847113,TikTok,3,Entertainment,44.71894481529823,1,4.997953158479434,High,29.627280669863328
13,Male,India,3.368544831413776,Instagram,2,Socializing,36.47641914376024,1,4.217163155349013,Medium,93.9206911211652
17,Male,UK,5.6336446560627245,TikTok,2,Entertainment,30.39798953855127,0,5.480946649429955,High,55.009480736518825
18,Female,Germany,4.476347246691473,YouTube,3,Entertainment,11.14243033468956,1,6.027377964910694,Medium,88.31384292551365
18,Male,USA,4.302729508139413,Twitter,5,Content Creation,16.754503241272083,1,6.186172637477735,Medium,43.50139155652973
15,Other,India,4.393590535294947,Twitter,3,Education,17.047004075328047,1,4.906574397124099,Medium,46.22427116462113
19,Female,Canada,3.748853670939998,Twitter,4,Socializing,31.461978263164504,0,5.292983133575372,Medium,22.50984421830704
21,Female,India,3.9756533860711394,Instagram,3,Entertainment,21.454013824403813,0,7.959403804378712,Medium,48.18279858187641
23,Female,India,3.9401300749679553,YouTube,4,Socializing,5.0,0,7.129717590814014,Medium,52.79040024661324
24,Female,Canada,2.70530391248988,Snapchat,4,Socializing,33.691164730266934,0,9.297518056593647,Medium,58.92028239720365
22,Male,India,4.137658377707484,YouTube,3,Education,32.17984646493612,1,5.311971219537739,Medium,27.301898297819463
20,Female,Germany,2.568671958894252,Snapchat,5,Education,28.22840351366612,0,8.02049325600067,Medium,4.712212712006362
18,Female,USA,1.7790578773752457,TikTok,2,Entertainment,30.935105247731816,1,8.962986480540254,Low,32.827370020707306
24,Female,Germany,1.725974518895737,Snapchat,1,Socializing,28.05790398755864,1,9.6077429488696,Low,64.42805288484834
20,Female,USA,1.6329112504168393,YouTube,4,Education,29.17204175095966,0,8.271004892479821,Low,62.64899469021948
24,Female,Brazil,3.2899194742982742,YouTube,3,News,19.507360836884143,0,8.101015389397558,Medium,24.80127529767021
17,Female,India,3.861510713551916,TikTok,3,Socializing,24.357645876389647,0,5.851486033877828,Medium,0.0
20,Male,India,3.844397692638519,Instagram,2,Education,21.929303783406148,1,6.755729850414923,Medium,9.45319580021308
22,Other,UK,4.182826701024156,TikTok,2,Education,30.543863629229456,0,6.432237039670666,Medium,42.5843492336974
24,Female,UK,3.748352483739468,Instagram,5,News,31.679254082744325,1,7.618373817337603,Medium,88.70380436548444
16,Female,UK,0.5,TikTok,5,Entertainment,43.26952299135976,1,9.905573428095911,Low,14.942629929257052
22,Male,India,2.0734507082193785,TikTok,3,Entertainment,26.693849743252105,0,7.980285021116163,Low,48.697220545220645
20,Male,UK,3.617830030714261,Instagram,1,Entertainment,22.85158408849008,0,7.718757441249693,Medium,43.00227648604313
22,Male,USA,2.684128298935218,Instagram,5,Socializing,20.58061109214587,1,7.44086709957956,Medium,16.343119115710373
24,Female,Australia,2.943421818396578,YouTube,4,Entertainment,20.88738696082893,1,7.203906341873568,Medium,61.64790758957218
14,Male,Germany,8.639557367949484,Instagram,2,Content Creation,21.9908522587969,0,2.9984914601426973,High,18.22956101616643
24,Male,India,4.678030985830889,YouTube,3,News,32.91644047644667,1,6.222189645838374,Medium,49.37448382850447
24,Female,Canada,4.020554757949489,Snapchat,4,Entertainment,19.277412152340883,1,7.058946490896234,Medium,30.61858279582338
17,Male,India,3.916662640656269,Instagram,2,News,33.34228273614215,0,5.021503628468659,Medium,48.32139369393232
21,Female,USA,5.8351231122854585,TikTok,1,Socializing,35.83879913957398,1,5.332197256656385,High,3.0835907887749485
16,Female,Australia,1.0215546270984397,Twitter,5,Entertainment,16.699255756567275,1,7.600980190238365,Low,20.43882545199522
23,Female,USA,1.9727759540322467,YouTube,4,Entertainment,26.3230157328018,1,8.117572114483224,Low,70.9436914143236
18,Female,Canada,5.003921603604187,Snapchat,2,Entertainment,27.577488239524385,1,7.86467879194775,High,40.57128430227748
27,Female,India,4.413053850478537,TikTok,5,Socializing,23.16841264947625,1,7.02892436831678,Medium,4.548310847984823
13,Male,Germany,2.6419642836071056,Instagram,3,Entertainment,14.11588181194164,1,8.370207085851902,Medium,14.984108207129747
21,Other,India,1.2035791702539953,TikTok,2,Education,38.96662470386536,0,9.35445598464116,Low,37.11932633121152
13,Male,Australia,5.977884714152628,TikTok,5,Entertainment,24.852495579713164,1,4.768716540338254,High,49.9484298638293
17,Male,India,4.130926876072268,Instagram,3,Education,17.75958372988257,1,6.722847235521363,Medium,40.15952646632301
16,Male,India,3.145707227287178,YouTube,1,Entertainment,18.86689948921293,1,6.162274474556087,Medium,33.665475741278264
25,Female,India,4.724834197053027,Instagram,5,Content Creation,27.43195013168869,1,5.592731123502497,Medium,54.41825264143425
24,Female,Australia,1.5484712143553323,Snapchat,2,Entertainment,24.88818512145701,0,8.38387505622373,Low,20.72781568125382
25,Female,Brazil,4.89015249471927,TikTok,5,Entertainment,20.760021584808257,0,4.173294638802265,Medium,0.2555513375613643
25,Male,Brazil,3.349799713323116,TikTok,4,Socializing,20.11176869600706,1,6.854519475454524,Medium,52.356893605821206
26,Female,Germany,4.746045850348137,Instagram,1,Education,17.082653270699186,0,6.356011945896081,Medium,57.20294424609517
15,Female,USA,3.659581595969511,TikTok,1,Socializing,25.284956913441096,1,8.076641663309582,Medium,59.69630644706302
25,Male,India,4.757206253610431,Instagram,3,Socializing,29.27432651068571,1,5.447302833640418,Medium,74.16740545096336
18,Male,India,0.5,TikTok,2,Socializing,34.699982692413194,0,10.0,Low,41.63671070877791
14,Female,USA,2.83053229810231,TikTok,1,Socializing,11.51850981266303,1,6.718386715517144,Medium,33.71356910931964
15,Male,India,5.120889495215806,YouTube,2,Education,7.558626496672087,0,5.497860067958609,High,56.73959696084356
17,Other,Canada,4.331560011064277,Instagram,2,Content Creation,22.54915924070453,1,5.721974970244535,Medium,21.28209508106969
27,Female,UK,1.2991971528767392,TikTok,2,Entertainment,34.952491708989264,1,7.808957847156909,Low,53.7504695878379
21,Male,India,3.957594173187292,TikTok,3,Education,21.51430447594616,0,6.933438594450837,Medium,68.53706857454969
14,Male,USA,1.1450798628643062,TikTok,1,Entertainment,18.21877396523965,0,8.937952594640713,Low,14.822490951552489
22,Male,Germany,4.962909459226662,TikTok,2,Education,28.167949473078128,1,7.226602968488349,Medium,47.703234183979895
20,Male,Germany,5.054277869715975,TikTok,5,Socializing,35.45433451416652,1,7.005058529558531,High,41.18284650677428
26,Male,USA,2.0159111716829425,Instagram,1,Socializing,28.447556090022108,1,8.189471515950311,Low,19.323193802226225
14,Male,Canada,3.5087298337460537,TikTok,5,Entertainment,16.3291707015924,1,7.564033378034586,Medium,37.14901715572518
23,Male,Brazil,2.9335356942337056,Instagram,4,Education,25.87671339490326,0,7.828848597360447,Medium,72.85081725064856
25,Female,India,4.444019950595635,Instagram,1,Education,33.6739072814353,0,5.572617558335112,Medium,70.99153238479927
17,Female,Canada,0.5,YouTube,3,Entertainment,26.303392130617887,0,9.408251516760105,Low,38.01190320798128
19,Male,Brazil,3.2567548670048856,Instagram,1,Socializing,39.73299006310236,0,7.414147125087873,Medium,45.98638332018376
20,Female,Germany,3.453829671548189,Snapchat,3,News,27.326928975101534,1,6.289482047779663,Medium,38.83396471798122
13,Female,India,2.8355758909841478,YouTube,2,Content Creation,33.70536426268534,1,6.450880848109033,Medium,17.80021401418327
18,Male,India,2.7102962970051143,TikTok,4,Entertainment,10.966093679937195,0,7.9034451694189904,Medium,46.50945611453701
13,Male,USA,5.183862932007815,Instagram,1,Content Creation,23.100458052724026,1,7.758159372457158,High,38.58186051452273
14,Male,Canada,3.46489037342181,TikTok,3,Socializing,21.33691573961491,0,5.919611923665068,Medium,47.591169643534734
27,Male,Germany,4.421347776888774,Instagram,5,Education,20.43755667435961,1,6.057110740104322,Medium,20.647495139775916
13,Male,USA,4.481030667678139,YouTube,2,News,29.815938090673853,0,7.05489103545905,Medium,23.398743747919248
23,Male,Australia,2.2888829770072574,Instagram,1,Education,27.46398131026202,0,7.721479424996456,Low,17.73689807259792
17,Female,India,4.532727375711853,Snapchat,4,Entertainment,6.234117748785735,1,5.834544645844059,Medium,52.55435357408943
22,Male,India,6.11026684173658,Instagram,4,Socializing,11.48471991470249,1,3.993790355071965,High,0.0
27,Male,India,4.507137335028563,Instagram,5,News,24.129618951826806,0,7.70327894623326,Medium,28.29420945191661
21,Male,UK,6.0619913183954575,YouTube,4,Socializing,12.826055978597664,0,4.01032051941841,High,39.972460019861465
18,Female,USA,3.984195744951028,Instagram,2,Socializing,16.34541553731669,1,6.40259792680498,Medium,45.7379108594356
23,Female,India,4.63245048896678,Instagram,3,Entertainment,28.10090047054594,0,5.741709587935409,Medium,27.83055522640825
23,Female,UK,4.162694371965854,TikTok,2,Entertainment,28.47929466905217,1,8.582524983739432,Medium,37.77069389924461
13,Male,UK,2.4755471266671147,TikTok,4,Entertainment,21.14557837339625,0,8.237505634148473,Low,55.55022065335742
25,Male,USA,3.6444520297105103,TikTok,2,Socializing,16.66721884569297,0,5.821318081063174,Medium,42.39404553368352
13,Male,India,2.7722353434936258,Instagram,5,Education,32.07846167439595,1,9.18500440910802,Medium,15.847022384137532
14,Female,UK,4.79564379666282,Instagram,4,Socializing,25.596492248801308,1,6.416700546037946,Medium,71.8780240032132
21,Male,Australia,5.96881598021645,Instagram,5,Education,32.81357892426869,0,5.385961552292054,High,72.55253357090058
15,Male,India,3.6851039027629136,Snapchat,1,Content Creation,35.562355641304265,0,8.479017189584185,Medium,61.23819151569359
27,Other,USA,1.2983864327125412,Instagram,2,Entertainment,22.60770161544805,0,9.210209304480864,Low,59.67008327891544
13,Female,India,3.249552335949638,TikTok,2,Entertainment,41.88234263654312,0,7.68600470178247,Medium,6.496975924372649
17,Male,Germany,4.700444388111821,Instagram,5,News,31.901002185461707,0,6.804313314189471,Medium,20.4353043118305
19,Male,USA,5.302962868675895,Instagram,4,Education,21.07762230605468,1,5.3696555540584585,High,53.542989196945165
18,Male,Australia,5.454806224637067,Snapchat,1,Entertainment,20.51439692613942,1,5.58455593936367,High,39.546068190048025
24,Male,Canada,6.320168535944271,Snapchat,5,Entertainment,48.99148873826013,1,4.658418830885218,High,30.05664668417262
13,Male,USA,3.3309059633508284,YouTube,2,Socializing,31.81702807953341,0,6.589878728876737,Medium,0.3501623283762285
17,Male,India,3.91748756275932,YouTube,2,Socializing,18.17831570037807,1,4.592304826992493,Medium,75.30994650742845
27,Male,India,8.740484101371509,TikTok,3,News,10.52687333082379,1,2.510731166434857,High,34.34404609039065
17,Male,UK,3.6847562820130975,Twitter,2,Socializing,20.84628903222693,1,5.363585828056085,Medium,30.46732427672655
18,Male,India,6.226442892976232,TikTok,2,Entertainment,25.1877483901643,0,5.087157026106055,High,53.13213023368351
15,Male,UK,4.767881729447653,Instagram,2,Entertainment,42.45354725442627,1,6.226657972584961,Medium,21.467714785605747
17,Female,USA,4.49006284824844,Instagram,2,Entertainment,27.044930645619814,0,6.329780226028638,Medium,19.204153446288565
19,Female,Brazil,3.7119311636913617,TikTok,1,Education,16.49290236311212,1,6.772598406614648,Medium,50.23155634436365
17,Female,India,3.5291860850358474,Twitter,2,Entertainment,40.12906083952712,1,8.071036660994034,Medium,0.0
17,Other,Canada,4.089782152291866,YouTube,2,Entertainment,18.863579153342023,1,6.567659677267194,Medium,49.04714965210886
17,Male,Germany,3.960843111422372,Snapchat,1,Entertainment,13.496245060199197,1,6.515610082309764,Medium,32.325317880261366
22,Female,USA,3.0486648383814985,YouTube,5,Socializing,42.02464256844292,1,6.583861291508594,Medium,89.78591485336602
22,Male,Australia,1.6706752614379394,YouTube,5,Entertainment,29.47462219320998,0,8.13378252732147,Low,15.053858889104047
15,Female,India,3.591882679647085,Instagram,3,Socializing,26.748745579046723,1,5.929567232731471,Medium,30.154944088739928
13,Female,Brazil,4.631970449684022,Instagram,4,Entertainment,19.685070282731196,0,6.482712236860117,Medium,37.30944683922375
17,Male,USA,2.4334637795804737,YouTube,2,Socializing,27.71650518744933,1,8.221832605303367,Low,55.436667153341645
26,Male,Brazil,4.155575625556743,TikTok,5,Socializing,7.741025151398425,1,8.134081292880223,Medium,44.48862624886983
21,Male,USA,5.420375547231734,Snapchat,5,Education,17.343836472372665,1,4.514379956564355,High,91.43669941989845
26,Female,Canada,4.677741735794719,TikTok,2,Entertainment,32.03284787655922,0,5.881260036734068,Medium,44.006958261979634
